Workbook

Sheet Original
A1: TICKET # | B1: NAME | C1: TELEFONE | E1: =F1-SUM(G1:H1) -> 31050 | F1: =500*90 -> 45000 | G1: =SUM(G2:G501)*90 -> 11610 | H1: =SUM(H2:H501)*90 -> 2340 | I1: TELEFONE | J1: QTD DE NUMEROS | K1: QTD PAGOS | L1: NUMEROS ESCOLHIDOS | M1: NOMES ESCOLHIDOS | P1: 1 | Q1: 2 | R1: 3 | S1: 4 | T1: 5 | U1: 6 | V1: 7 | Z1: 1 | AA1: 2 | AB1: 3 | AC1: 4 | AD1: 5 | AE1: 6 | AF1: 7 | AV1: TICKET # | AW1: NAME | BM1: TICKET # | BN1: NAME
A2: 1 | B2: FERNANDO CUMPA | C2: 2038209096 | D2: ok | E2: =COUNTIF($C$1:C2,C2) -> 1 | F2: =C2&E2 -> 20382090961 | G2: =IF(IFERROR(FIND("pg",LOWER(B2)),0)=0,0,1) -> 0 | H2: =IF(IFERROR(FIND("(f)",LOWER(B2)),0)=0,0,1) -> 0 | I2: 2038209096 | J2: =COUNTIF(C:C,I2) -> 3 | K2: =COUNTIFS(C:C,I2,G:G,1)+COUNTIFS(C:C,I2,H:H,1) -> 0 | L2: =CONCATENATE(P2,Q2,R2,S2,T2,U2,V2,) -> 1, 268, 318 | M2: =CONCATENATE(Z2,AA2,AB2,AC2,AD2,AE2,AF2) -> FERNANDO CUMPA ,VALENTINA ,KEVIN CUMPA | N2: =J2-K2 -> 3 | P2: =IFERROR(INDEX($A$2:$A$501,MATCH($I2&P$1,$F$2:$F$501,0)),"") -> 1 | Q2: =IFERROR(", "&INDEX($A$2:$A$501,MATCH($I2&Q$1,$F$2:$F$501,0)),"") -> , 268 | R2: =IFERROR(", "&INDEX($A$2:$A$501,MATCH($I2&R$1,$F$2:$F$501,0)),"") -> , 318 | S2: =IFERROR(", "&INDEX($A$2:$A$501,MATCH($I2&S$1,$F$2:$F$501,0)),"") | T2: =IFERROR(", "&INDEX($A$2:$A$501,MATCH($I2&T$1,$F$2:$F$501,0)),"") | U2: =IFERROR(", "&INDEX($A$2:$A$501,MATCH($I2&U$1,$F$2:$F$501,0)),"") | V2: =IFERROR(", "&INDEX($A$2:$A$501,MATCH($I2&V$1,$F$2:$F$501,0)),"") | Z2: =IFERROR(INDEX($B$2:$B$501,MATCH($I2&Z$1,$F$2:$F$501,0)),"") -> FERNANDO CUMPA | AA2: =IFERROR(" ,"&INDEX($B$2:$B$501,MATCH($I2&AA$1,$F$2:$F$501,0)),"") -> ,VALENTINA | AB2: =IFERROR(" ,"&INDEX($B$2:$B$501,MATCH($I2&AB$1,$F$2:$F$501,0)),"") -> ,KEVIN CUMPA | AC2: =IFERROR(" ,"&INDEX($B$2:$B$501,MATCH($I2&AC$1,$F$2:$F$501,0)),"") | AD2: =IFERROR(" ,"&INDEX($B$2:$B$501,MATCH($I2&AD$1,$F$2:$F$501,0)),"") | AE2: =IFERROR(" ,"&INDEX($B$2:$B$501,MATCH($I2&AE$1,$F$2:$F$501,0)),"") | AF2: =IFERROR(" ,"&INDEX($B$2:$B$501,MATCH($I2&AF$1,$F$2:$F$501,0)),"") | AV2: 1 | AW2: FERNANDO CUMPA | BM2: 1 | BN2: FERNANDO CUMPA | BO2: =VLOOKUP(BM2,A:B,2,0) -> FERNANDO CUMPA | BP2: =BO2=BN2 -> TRUE
A3: 2 | B3: ALBERT pg | C3: 6178402356 | D3: ok | E3: =COUNTIF($C$1:C3,C3) -> 1 | F3: =C3&E3 -> 61784023561 | G3: =IF(IFERROR(FIND("pg",LOWER(B3)),0)=0,0,1) -> 1 | H3: =IF(IFERROR(FIND("(f)",LOWER(B3)),0)=0,0,1) -> 0 | I3: 6178402356 | J3: =COUNTIF(C:C,I3) -> 1 | K3: =COUNTIFS(C:C,I3,G:G,1)+COUNTIFS(C:C,I3,H:H,1) -> 1 | L3: =CONCATENATE(P3,Q3,R3,S3,T3,U3,V3,) -> 2 | M3: =CONCATENATE(Z3,AA3,AB3,AC3,AD3,AE3,AF3) -> ALBERT pg | N3: =J3-K3 -> 0 | P3: =IFERROR(INDEX($A$2:$A$501,MATCH($I3&P$1,$F$2:$F$501,0)),"") -> 2 | Q3: =IFERROR(", "&INDEX($A$2:$A$501,MATCH($I3&Q$1,$F$2:$F$501,0)),"") | R3: =IFERROR(", "&INDEX($A$2:$A$501,MATCH($I3&R$1,$F$2:$F$501,0)),"") | S3: =IFERROR(", "&INDEX($A$2:$A$501,MATCH($I3&S$1,$F$2:$F$501,0)),"") | T3: =IFERROR(", "&INDEX($A$2:$A$501,MATCH($I3&T$1,$F$2:$F$501,0)),"") | U3: =IFERROR(", "&INDEX($A$2:$A$501,MATCH($I3&U$1,$F$2:$F$501,0)),"") | V3: =IFERROR(", "&INDEX($A$2:$A$501,MATCH($I3&V$1,$F$2:$F$501,0)),"") | Z3: =IFERROR(INDEX($B$2:$B$501,MATCH($I3&Z$1,$F$2:$F$501,0)),"") -> ALBERT pg | AA3: =IFERROR(" ,"&INDEX($B$2:$B$501,MATCH($I3&AA$1,$F$2:$F$501,0)),"") | AB3: =IFERROR(" ,"&INDEX($B$2:$B$501,MATCH($I3&AB$1,$F$2:$F$501,0)),"") | AC3: =IFERROR(" ,"&INDEX($B$2:$B$501,MATCH($I3&AC$1,$F$2:$F$501,0)),"") | AD3: =IFERROR(" ,"&INDEX($B$2:$B$501,MATCH($I3&AD$1,$F$2:$F$501,0)),"") | AE3: =IFERROR(" ,"&INDEX($B$2:$B$501,MATCH($I3&AE$1,$F$2:$F$501,0)),"") | AF3: =IFERROR(" ,"&INDEX($B$2:$B$501,MATCH($I3&AF$1,$F$2:$F$501,0)),"") | AV3: 2 | AW3: ALBERT | BM3: 2 | BN3: ALBERT | BO3: =VLOOKUP(BM3,A:B,2,0) -> ALBERT pg | BP3: =BO3=BN3 -> FALSE
A4: 3 | B4: KAKA | C4: 2035452391 | D4: ok | E4: =COUNTIF($C$1:C4,C4) -> 1 | F4: =C4&E4 -> 20354523911 | G4: =IF(IFERROR(FIND("pg",LOWER(B4)),0)=0,0,1) -> 0 | H4: =IF(IFERROR(FIND("(f)",LOWER(B4)),0)=0,0,1) -> 0 | I4: 2035452391 | J4: =COUNTIF(C:C,I4) -> 2 | K4: =COUNTIFS(C:C,I4,G:G,1)+COUNTIFS(C:C,I4,H:H,1) -> 0 | L4: =CONCATENATE(P4,Q4,R4,S4,T4,U4,V4,) -> 3, 9 | M4: =CONCATENATE(Z4,AA4,AB4,AC4,AD4,AE4,AF4) -> KAKA ,KAKA | N4: =J4-K4 -> 2 | P4: =IFERROR(INDEX($A$2:$A$501,MATCH($I4&P$1,$F$2:$F$501,0)),"") -> 3 | Q4: =IFERROR(", "&INDEX($A$2:$A$501,MATCH($I4&Q$1,$F$2:$F$501,0)),"") -> , 9 | R4: =IFERROR(", "&INDEX($A$2:$A$501,MATCH($I4&R$1,$F$2:$F$501,0)),"") | S4: =IFERROR(", "&INDEX($A$2:$A$501,MATCH($I4&S$1,$F$2:$F$501,0)),"") | T4: =IFERROR(", "&INDEX($A$2:$A$501,MATCH($I4&T$1,$F$2:$F$501,0)),"") | U4: =IFERROR(", "&INDEX($A$2:$A$501,MATCH($I4&U$1,$F$2:$F$501,0)),"") | V4: =IFERROR(", "&INDEX($A$2:$A$501,MATCH($I4&V$1,$F$2:$F$501,0)),"") | Z4: =IFERROR(INDEX($B$2:$B$501,MATCH($I4&Z$1,$F$2:$F$501,0)),"") -> KAKA | AA4: =IFERROR(" ,"&INDEX($B$2:$B$501,MATCH($I4&AA$1,$F$2:$F$501,0)),"") -> ,KAKA | AB4: =IFERROR(" ,"&INDEX($B$2:$B$501,MATCH($I4&AB$1,$F$2:$F$501,0)),"") | AC4: =IFERROR(" ,"&INDEX($B$2:$B$501,MATCH($I4&AC$1,$F$2:$F$501,0)),"") | AD4: =IFERROR(" ,"&INDEX($B$2:$B$501,MATCH($I4&AD$1,$F$2:$F$501,0)),"") | AE4: =IFERROR(" ,"&INDEX($B$2:$B$501,MATCH($I4&AE$1,$F$2:$F$501,0)),"") | AF4: =IFERROR(" ,"&INDEX($B$2:$B$501,MATCH($I4&AF$1,$F$2:$F$501,0)),"") | AV4: 3 | AW4: KAKA | BM4: 3 | BN4: KAKA | BO4: =VLOOKUP(BM4,A:B,2,0) -> KAKA | BP4: =BO4=BN4 -> TRUE
A5: 4 | B5: TULIO pg | C5: 9144337335 | D5: ok | E5: =COUNTIF($C$1:C5,C5) -> 1 | F5: =C5&E5 -> 91443373351 | G5: =IF(IFERROR(FIND("pg",LOWER(B5)),0)=0,0,1) -> 1 | H5: =IF(IFERROR(FIND("(f)",LOWER(B5)),0)=0,0,1) -> 0 | I5: 9144337335 | J5: =COUNTIF(C:C,I5) -> 2 | K5: =COUNTIFS(C:C,I5,G:G,1)+COUNTIFS(C:C,I5,H:H,1) -> 2 | L5: =CONCATENATE(P5,Q5,R5,S5,T5,U5,V5,) -> 4, 25 | M5: =CONCATENATE(Z5,AA5,AB5,AC5,AD5,AE5,AF5) -> TULIO pg ,TULIO pg | N5: =J5-K5 -> 0 | P5: =IFERROR(INDEX($A$2:$A$501,MATCH($I5&P$1,$F$2:$F$501,0)),"") -> 4 | Q5: =IFERROR(", "&INDEX($A$2:$A$501,MATCH($I5&Q$1,$F$2:$F$501,0)),"") -> , 25 | R5: =IFERROR(", "&INDEX($A$2:$A$501,MATCH($I5&R$1,$F$2:$F$501,0)),"") | S5: =IFERROR(", "&INDEX($A$2:$A$501,MATCH($I5&S$1,$F$2:$F$501,0)),"") | T5: =IFERROR(", "&INDEX($A$2:$A$501,MATCH($I5&T$1,$F$2:$F$501,0)),"") | U5: =IFERROR(", "&INDEX($A$2:$A$501,MATCH($I5&U$1,$F$2:$F$501,0)),"") | V5: =IFERROR(", "&INDEX($A$2:$A$501,MATCH($I5&V$1,$F$2:$F$501,0)),"") | Z5: =IFERROR(INDEX($B$2:$B$501,MATCH($I5&Z$1,$F$2:$F$501,0)),"") -> TULIO pg | AA5: =IFERROR(" ,"&INDEX($B$2:$B$501,MATCH($I5&AA$1,$F$2:$F$501,0)),"") -> ,TULIO pg | AB5: =IFERROR(" ,"&INDEX($B$2:$B$501,MATCH($I5&AB$1,$F$2:$F$501,0)),"") | AC5: =IFERROR(" ,"&INDEX($B$2:$B$501,MATCH($I5&AC$1,$F$2:$F$501,0)),"") | AD5: =IFERROR(" ,"&INDEX($B$2:$B$501,MATCH($I5&AD$1,$F$2:$F$501,0)),"") | AE5: =IFERROR(" ,"&INDEX($B$2:$B$501,MATCH($I5&AE$1,$F$2:$F$501,0)),"") | AF5: =IFERROR(" ,"&INDEX($B$2:$B$501,MATCH($I5&AF$1,$F$2:$F$501,0)),"") | AV5: 4 | AW5: TULIO | BM5: 4 | BN5: TULIO pg | BO5: =VLOOKUP(BM5,A:B,2,0) -> TULIO pg | BP5: =BO5=BN5 -> TRUE
A6: 5 | B6: VAL pg | C6: 9148828385 | D6: ok | E6: =COUNTIF($C$1:C6,C6) -> 1 | F6: =C6&E6 -> 91488283851 | G6: =IF(IFERROR(FIND("pg",LOWER(B6)),0)=0,0,1) -> 1 | H6: =IF(IFERROR(FIND("(f)",LOWER(B6)),0)=0,0,1) -> 0 | I6: 9148828385 | J6: =COUNTIF(C:C,I6) -> 1 | K6: =COUNTIFS(C:C,I6,G:G,1)+COUNTIFS(C:C,I6,H:H,1) -> 1 | L6: =CONCATENATE(P6,Q6,R6,S6,T6,U6,V6,) -> 5 | M6: =CONCATENATE(Z6,AA6,AB6,AC6,AD6,AE6,AF6) -> VAL pg | N6: =J6-K6 -> 0 | P6: =IFERROR(INDEX($A$2:$A$501,MATCH($I6&P$1,$F$2:$F$501,0)),"") -> 5 | Q6: =IFERROR(", "&INDEX($A$2:$A$501,MATCH($I6&Q$1,$F$2:$F$501,0)),"") | R6: =IFERROR(", "&INDEX($A$2:$A$501,MATCH($I6&R$1,$F$2:$F$501,0)),"") | S6: =IFERROR(", "&INDEX($A$2:$A$501,MATCH($I6&S$1,$F$2:$F$501,0)),"") | T6: =IFERROR(", "&INDEX($A$2:$A$501,MATCH($I6&T$1,$F$2:$F$501,0)),"") | U6: =IFERROR(", "&INDEX($A$2:$A$501,MATCH($I6&U$1,$F$2:$F$501,0)),"") | V6: =IFERROR(", "&INDEX($A$2:$A$501,MATCH($I6&V$1,$F$2:$F$501,0)),"") | Z6: =IFERROR(INDEX($B$2:$B$501,MATCH($I6&Z$1,$F$2:$F$501,0)),"") -> VAL pg | AA6: =IFERROR(" ,"&INDEX($B$2:$B$501,MATCH($I6&AA$1,$F$2:$F$501,0)),"") | AB6: =IFERROR(" ,"&INDEX($B$2:$B$501,MATCH($I6&AB$1,$F$2:$F$501,0)),"") | AC6: =IFERROR(" ,"&INDEX($B$2:$B$501,MATCH($I6&AC$1,$F$2:$F$501,0)),"") | AD6: =IFERROR(" ,"&INDEX($B$2:$B$501,MATCH($I6&AD$1,$F$2:$F$501,0)),"") | AE6: =IFERROR(" ,"&INDEX($B$2:$B$501,MATCH($I6&AE$1,$F$2:$F$501,0)),"") | AF6: =IFERROR(" ,"&INDEX($B$2:$B$501,MATCH($I6&AF$1,$F$2:$F$501,0)),"") | AV6: 5 | AW6: VAL | BM6: 5 | BN6: VAL pg | BO6: =VLOOKUP(BM6,A:B,2,0) -> VAL pg | BP6: =BO6=BN6 -> TRUE
A7: 6 | B7: ROGERIO PLUMBER | C7: 9148376239 | D7: ok | E7: =COUNTIF($C$1:C7,C7) -> 1 | F7: =C7&E7 -> 91483762391 | G7: =IF(IFERROR(FIND("pg",LOWER(B7)),0)=0,0,1) -> 0 | H7: =IF(IFERROR(FIND("(f)",LOWER(B7)),0)=0,0,1) -> 0 | I7: 9148376239 | J7: =COUNTIF(C:C,I7) -> 2 | K7: =COUNTIFS(C:C,I7,G:G,1)+COUNTIFS(C:C,I7,H:H,1) -> 0 | L7: =CONCATENATE(P7,Q7,R7,S7,T7,U7,V7,) -> 6, 67 | M7: =CONCATENATE(Z7,AA7,AB7,AC7,AD7,AE7,AF7) -> ROGERIO PLUMBER ,ROGERIO PLUMBER | N7: =J7-K7 -> 2 | P7: =IFERROR(INDEX($A$2:$A$501,MATCH($I7&P$1,$F$2:$F$501,0)),"") -> 6 | Q7: =IFERROR(", "&INDEX($A$2:$A$501,MATCH($I7&Q$1,$F$2:$F$501,0)),"") -> , 67 | R7: =IFERROR(", "&INDEX($A$2:$A$501,MATCH($I7&R$1,$F$2:$F$501,0)),"") | S7: =IFERROR(", "&INDEX($A$2:$A$501,MATCH($I7&S$1,$F$2:$F$501,0)),"") | T7: =IFERROR(", "&INDEX($A$2:$A$501,MATCH($I7&T$1,$F$2:$F$501,0)),"") | U7: =IFERROR(", "&INDEX($A$2:$A$501,MATCH($I7&U$1,$F$2:$F$501,0)),"") | V7: =IFERROR(", "&INDEX($A$2:$A$501,MATCH($I7&V$1,$F$2:$F$501,0)),"") | Z7: =IFERROR(INDEX($B$2:$B$501,MATCH($I7&Z$1,$F$2:$F$501,0)),"") -> ROGERIO PLUMBER | AA7: =IFERROR(" ,"&INDEX($B$2:$B$501,MATCH($I7&AA$1,$F$2:$F$501,0)),"") -> ,ROGERIO PLUMBER | AB7: =IFERROR(" ,"&INDEX($B$2:$B$501,MATCH($I7&AB$1,$F$2:$F$501,0)),"") | AC7: =IFERROR(" ,"&INDEX($B$2:$B$501,MATCH($I7&AC$1,$F$2:$F$501,0)),"") | AD7: =IFERROR(" ,"&INDEX($B$2:$B$501,MATCH($I7&AD$1,$F$2:$F$501,0)),"") | AE7: =IFERROR(" ,"&INDEX($B$2:$B$501,MATCH($I7&AE$1,$F$2:$F$501,0)),"") | AF7: =IFERROR(" ,"&INDEX($B$2:$B$501,MATCH($I7&AF$1,$F$2:$F$501,0)),"") | AV7: 6 | AW7: ROGERIO PLUMBER | BM7: 6 | BN7: ROGERIO PLUMBER | BO7: =VLOOKUP(BM7,A:B,2,0) -> ROGERIO PLUMBER | BP7: =BO7=BN7 -> TRUE
A8: 7 | B8: ANDERSON JET pg | C8: 9142276261 | D8: ok | E8: =COUNTIF($C$1:C8,C8) -> 1 | F8: =C8&E8 -> 91422762611 | G8: =IF(IFERROR(FIND("pg",LOWER(B8)),0)=0,0,1) -> 1 | H8: =IF(IFERROR(FIND("(f)",LOWER(B8)),0)=0,0,1) -> 0 | I8: 9142276261 | J8: =COUNTIF(C:C,I8) -> 1 | K8: =COUNTIFS(C:C,I8,G:G,1)+COUNTIFS(C:C,I8,H:H,1) -> 1 | L8: =CONCATENATE(P8,Q8,R8,S8,T8,U8,V8,) -> 7 | M8: =CONCATENATE(Z8,AA8,AB8,AC8,AD8,AE8,AF8) -> ANDERSON JET pg | N8: =J8-K8 -> 0 | P8: =IFERROR(INDEX($A$2:$A$501,MATCH($I8&P$1,$F$2:$F$501,0)),"") -> 7 | Q8: =IFERROR(", "&INDEX($A$2:$A$501,MATCH($I8&Q$1,$F$2:$F$501,0)),"") | R8: =IFERROR(", "&INDEX($A$2:$A$501,MATCH($I8&R$1,$F$2:$F$501,0)),"") | S8: =IFERROR(", "&INDEX($A$2:$A$501,MATCH($I8&S$1,$F$2:$F$501,0)),"") | T8: =IFERROR(", "&INDEX($A$2:$A$501,MATCH($I8&T$1,$F$2:$F$501,0)),"") | U8: =IFERROR(", "&INDEX($A$2:$A$501,MATCH($I8&U$1,$F$2:$F$501,0)),"") | V8: =IFERROR(", "&INDEX($A$2:$A$501,MATCH($I8&V$1,$F$2:$F$501,0)),"") | Z8: =IFERROR(INDEX($B$2:$B$501,MATCH($I8&Z$1,$F$2:$F$501,0)),"") -> ANDERSON JET pg | AA8: =IFERROR(" ,"&INDEX($B$2:$B$501,MATCH($I8&AA$1,$F$2:$F$501,0)),"") | AB8: =IFERROR(" ,"&INDEX($B$2:$B$501,MATCH($I8&AB$1,$F$2:$F$501,0)),"") | AC8: =IFERROR(" ,"&INDEX($B$2:$B$501,MATCH($I8&AC$1,$F$2:$F$501,0)),"") | AD8: =IFERROR(" ,"&INDEX($B$2:$B$501,MATCH($I8&AD$1,$F$2:$F$501,0)),"") | AE8: =IFERROR(" ,"&INDEX($B$2:$B$501,MATCH($I8&AE$1,$F$2:$F$501,0)),"") | AF8: =IFERROR(" ,"&INDEX($B$2:$B$501,MATCH($I8&AF$1,$F$2:$F$501,0)),"") | AV8: 7 | AW8: ANDERSON JET | BM8: 7 | BN8: ANDERSON JET pg | BO8: =VLOOKUP(BM8,A:B,2,0) -> ANDERSON JET pg | BP8: =BO8=BN8 -> TRUE
A9: 8 | B9: FRANKLYN | C9: 2039817839 | D9: ok | E9: =COUNTIF($C$1:C9,C9) -> 1 | F9: =C9&E9 -> 20398178391 | G9: =IF(IFERROR(FIND("pg",LOWER(B9)),0)=0,0,1) -> 0 | H9: =IF(IFERROR(FIND("(f)",LOWER(B9)),0)=0,0,1) -> 0 | I9: 2039817839 | J9: =COUNTIF(C:C,I9) -> 6 | K9: =COUNTIFS(C:C,I9,G:G,1)+COUNTIFS(C:C,I9,H:H,1) -> 0 | L9: =CONCATENATE(P9,Q9,R9,S9,T9,U9,V9,) -> 8, 10, 15, 51, 72, 74 | M9: =CONCATENATE(Z9,AA9,AB9,AC9,AD9,AE9,AF9) -> FRANKLYN ,FRANKLY ,FRANKLY ,FRANKLY ,FRANKLYN ,FRANKLY | N9: =J9-K9 -> 6 | P9: =IFERROR(INDEX($A$2:$A$501,MATCH($I9&P$1,$F$2:$F$501,0)),"") -> 8 | Q9: =IFERROR(", "&INDEX($A$2:$A$501,MATCH($I9&Q$1,$F$2:$F$501,0)),"") -> , 10 | R9: =IFERROR(", "&INDEX($A$2:$A$501,MATCH($I9&R$1,$F$2:$F$501,0)),"") -> , 15 | S9: =IFERROR(", "&INDEX($A$2:$A$501,MATCH($I9&S$1,$F$2:$F$501,0)),"") -> , 51 | T9: =IFERROR(", "&INDEX($A$2:$A$501,MATCH($I9&T$1,$F$2:$F$501,0)),"") -> , 72 | U9: =IFERROR(", "&INDEX($A$2:$A$501,MATCH($I9&U$1,$F$2:$F$501,0)),"") -> , 74 | V9: =IFERROR(", "&INDEX($A$2:$A$501,MATCH($I9&V$1,$F$2:$F$501,0)),"") | Z9: =IFERROR(INDEX($B$2:$B$501,MATCH($I9&Z$1,$F$2:$F$501,0)),"") -> FRANKLYN | AA9: =IFERROR(" ,"&INDEX($B$2:$B$501,MATCH($I9&AA$1,$F$2:$F$501,0)),"") -> ,FRANKLY | AB9: =IFERROR(" ,"&INDEX($B$2:$B$501,MATCH($I9&AB$1,$F$2:$F$501,0)),"") -> ,FRANKLY | AC9: =IFERROR(" ,"&INDEX($B$2:$B$501,MATCH($I9&AC$1,$F$2:$F$501,0)),"") -> ,FRANKLY | AD9: =IFERROR(" ,"&INDEX($B$2:$B$501,MATCH($I9&AD$1,$F$2:$F$501,0)),"") -> ,FRANKLYN | AE9: =IFERROR(" ,"&INDEX($B$2:$B$501,MATCH($I9&AE$1,$F$2:$F$501,0)),"") -> ,FRANKLY | AF9: =IFERROR(" ,"&INDEX($B$2:$B$501,MATCH($I9&AF$1,$F$2:$F$501,0)),"") | AV9: 8 | AW9: FRANKLYN | BM9: 8 | BN9: FRANKLYN | BO9: =VLOOKUP(BM9,A:B,2,0) -> FRANKLYN | BP9: =BO9=BN9 -> TRUE
A10: 9 | B10: KAKA | C10: 2035452391 | D10: ok | E10: =COUNTIF($C$1:C10,C10) -> 2 | F10: =C10&E10 -> 20354523912 | G10: =IF(IFERROR(FIND("pg",LOWER(B10)),0)=0,0,1) -> 0 | H10: =IF(IFERROR(FIND("(f)",LOWER(B10)),0)=0,0,1) -> 0 | I10: 9145620814 | J10: =COUNTIF(C:C,I10) -> 1 | K10: =COUNTIFS(C:C,I10,G:G,1)+COUNTIFS(C:C,I10,H:H,1) -> 0 | L10: =CONCATENATE(P10,Q10,R10,S10,T10,U10,V10,) -> 11 | M10: =CONCATENATE(Z10,AA10,AB10,AC10,AD10,AE10,AF10) -> NETO | N10: =J10-K10 -> 1 | P10: =IFERROR(INDEX($A$2:$A$501,MATCH($I10&P$1,$F$2:$F$501,0)),"") -> 11 | Q10: =IFERROR(", "&INDEX($A$2:$A$501,MATCH($I10&Q$1,$F$2:$F$501,0)),"") | R10: =IFERROR(", "&INDEX($A$2:$A$501,MATCH($I10&R$1,$F$2:$F$501,0)),"") | S10: =IFERROR(", "&INDEX($A$2:$A$501,MATCH($I10&S$1,$F$2:$F$501,0)),"") | T10: =IFERROR(", "&INDEX($A$2:$A$501,MATCH($I10&T$1,$F$2:$F$501,0)),"") | U10: =IFERROR(", "&INDEX($A$2:$A$501,MATCH($I10&U$1,$F$2:$F$501,0)),"") | V10: =IFERROR(", "&INDEX($A$2:$A$501,MATCH($I10&V$1,$F$2:$F$501,0)),"") | Z10: =IFERROR(INDEX($B$2:$B$501,MATCH($I10&Z$1,$F$2:$F$501,0)),"") -> NETO | AA10: =IFERROR(" ,"&INDEX($B$2:$B$501,MATCH($I10&AA$1,$F$2:$F$501,0)),"") | AB10: =IFERROR(" ,"&INDEX($B$2:$B$501,MATCH($I10&AB$1,$F$2:$F$501,0)),"") | AC10: =IFERROR(" ,"&INDEX($B$2:$B$501,MATCH($I10&AC$1,$F$2:$F$501,0)),"") | AD10: =IFERROR(" ,"&INDEX($B$2:$B$501,MATCH($I10&AD$1,$F$2:$F$501,0)),"") | AE10: =IFERROR(" ,"&INDEX($B$2:$B$501,MATCH($I10&AE$1,$F$2:$F$501,0)),"") | AF10: =IFERROR(" ,"&INDEX($B$2:$B$501,MATCH($I10&AF$1,$F$2:$F$501,0)),"") | AV10: 9 | AW10: KAKA | BM10: 9 | BN10: KAKA | BO10: =VLOOKUP(BM10,A:B,2,0) -> KAKA | BP10: =BO10=BN10 -> TRUE
A11: 10 | B11: FRANKLY | C11: 2039817839 | D11: ok | E11: =COUNTIF($C$1:C11,C11) -> 2 | F11: =C11&E11 -> 20398178392 | G11: =IF(IFERROR(FIND("pg",LOWER(B11)),0)=0,0,1) -> 0 | H11: =IF(IFERROR(FIND("(f)",LOWER(B11)),0)=0,0,1) -> 0 | I11: 2037150399 | J11: =COUNTIF(C:C,I11) -> 2 | K11: =COUNTIFS(C:C,I11,G:G,1)+COUNTIFS(C:C,I11,H:H,1) -> 0 | L11: =CONCATENATE(P11,Q11,R11,S11,T11,U11,V11,) -> 12, 20 | M11: =CONCATENATE(Z11,AA11,AB11,AC11,AD11,AE11,AF11) -> RICARDO SANTOS ,RICARDO SANTOS | N11: =J11-K11 -> 2 | P11: =IFERROR(INDEX($A$2:$A$501,MATCH($I11&P$1,$F$2:$F$501,0)),"") -> 12 | Q11: =IFERROR(", "&INDEX($A$2:$A$501,MATCH($I11&Q$1,$F$2:$F$501,0)),"") -> , 20 | R11: =IFERROR(", "&INDEX($A$2:$A$501,MATCH($I11&R$1,$F$2:$F$501,0)),"") | S11: =IFERROR(", "&INDEX($A$2:$A$501,MATCH($I11&S$1,$F$2:$F$501,0)),"") | T11: =IFERROR(", "&INDEX($A$2:$A$501,MATCH($I11&T$1,$F$2:$F$501,0)),"") | U11: =IFERROR(", "&INDEX($A$2:$A$501,MATCH($I11&U$1,$F$2:$F$501,0)),"") | V11: =IFERROR(", "&INDEX($A$2:$A$501,MATCH($I11&V$1,$F$2:$F$501,0)),"") | Z11: =IFERROR(INDEX($B$2:$B$501,MATCH($I11&Z$1,$F$2:$F$501,0)),"") -> RICARDO SANTOS | AA11: =IFERROR(" ,"&INDEX($B$2:$B$501,MATCH($I11&AA$1,$F$2:$F$501,0)),"") -> ,RICARDO SANTOS | AB11: =IFERROR(" ,"&INDEX($B$2:$B$501,MATCH($I11&AB$1,$F$2:$F$501,0)),"") | AC11: =IFERROR(" ,"&INDEX($B$2:$B$501,MATCH($I11&AC$1,$F$2:$F$501,0)),"") | AD11: =IFERROR(" ,"&INDEX($B$2:$B$501,MATCH($I11&AD$1,$F$2:$F$501,0)),"") | AE11: =IFERROR(" ,"&INDEX($B$2:$B$501,MATCH($I11&AE$1,$F$2:$F$501,0)),"") | AF11: =IFERROR(" ,"&INDEX($B$2:$B$501,MATCH($I11&AF$1,$F$2:$F$501,0)),"") | AV11: 10 | AW11: FRANKLY | BM11: 10 | BN11: FRANKLY | BO11: =VLOOKUP(BM11,A:B,2,0) -> FRANKLY | BP11: =BO11=BN11 -> TRUE
A12: 11 | B12: NETO | C12: 9145620814 | D12: ok | E12: =COUNTIF($C$1:C12,C12) -> 1 | F12: =C12&E12 -> 91456208141 | G12: =IF(IFERROR(FIND("pg",LOWER(B12)),0)=0,0,1) -> 0 | H12: =IF(IFERROR(FIND("(f)",LOWER(B12)),0)=0,0,1) -> 0 | I12: 2039050226 | J12: =COUNTIF(C:C,I12) -> 1 | K12: =COUNTIFS(C:C,I12,G:G,1)+COUNTIFS(C:C,I12,H:H,1) -> 0 | L12: =CONCATENATE(P12,Q12,R12,S12,T12,U12,V12,) -> 13 | M12: =CONCATENATE(Z12,AA12,AB12,AC12,AD12,AE12,AF12) -> SEANIE/JULIA | N12: =J12-K12 -> 1 | P12: =IFERROR(INDEX($A$2:$A$501,MATCH($I12&P$1,$F$2:$F$501,0)),"") -> 13 | Q12: =IFERROR(", "&INDEX($A$2:$A$501,MATCH($I12&Q$1,$F$2:$F$501,0)),"") | R12: =IFERROR(", "&INDEX($A$2:$A$501,MATCH($I12&R$1,$F$2:$F$501,0)),"") | S12: =IFERROR(", "&INDEX($A$2:$A$501,MATCH($I12&S$1,$F$2:$F$501,0)),"") | T12: =IFERROR(", "&INDEX($A$2:$A$501,MATCH($I12&T$1,$F$2:$F$501,0)),"") | U12: =IFERROR(", "&INDEX($A$2:$A$501,MATCH($I12&U$1,$F$2:$F$501,0)),"") | V12: =IFERROR(", "&INDEX($A$2:$A$501,MATCH($I12&V$1,$F$2:$F$501,0)),"") | Z12: =IFERROR(INDEX($B$2:$B$501,MATCH($I12&Z$1,$F$2:$F$501,0)),"") -> SEANIE/JULIA | AA12: =IFERROR(" ,"&INDEX($B$2:$B$501,MATCH($I12&AA$1,$F$2:$F$501,0)),"") | AB12: =IFERROR(" ,"&INDEX($B$2:$B$501,MATCH($I12&AB$1,$F$2:$F$501,0)),"") | AC12: =IFERROR(" ,"&INDEX($B$2:$B$501,MATCH($I12&AC$1,$F$2:$F$501,0)),"") | AD12: =IFERROR(" ,"&INDEX($B$2:$B$501,MATCH($I12&AD$1,$F$2:$F$501,0)),"") | AE12: =IFERROR(" ,"&INDEX($B$2:$B$501,MATCH($I12&AE$1,$F$2:$F$501,0)),"") | AF12: =IFERROR(" ,"&INDEX($B$2:$B$501,MATCH($I12&AF$1,$F$2:$F$501,0)),"") | AV12: 11 | AW12: NETO | BM12: 11 | BN12: NETO | BO12: =VLOOKUP(BM12,A:B,2,0) -> NETO | BP12: =BO12=BN12 -> TRUE
A13: 12 | B13: RICARDO SANTOS | C13: 2037150399 | D13: ok | E13: =COUNTIF($C$1:C13,C13) -> 1 | F13: =C13&E13 -> 20371503991 | G13: =IF(IFERROR(FIND("pg",LOWER(B13)),0)=0,0,1) -> 0 | H13: =IF(IFERROR(FIND("(f)",LOWER(B13)),0)=0,0,1) -> 0 | I13: 2034244624 | J13: =COUNTIF(C:C,I13) -> 2 | K13: =COUNTIFS(C:C,I13,G:G,1)+COUNTIFS(C:C,I13,H:H,1) -> 0 | L13: =CONCATENATE(P13,Q13,R13,S13,T13,U13,V13,) -> 14, 17 | M13: =CONCATENATE(Z13,AA13,AB13,AC13,AD13,AE13,AF13) -> GI ,GI | N13: =J13-K13 -> 2 | P13: =IFERROR(INDEX($A$2:$A$501,MATCH($I13&P$1,$F$2:$F$501,0)),"") -> 14 | Q13: =IFERROR(", "&INDEX($A$2:$A$501,MATCH($I13&Q$1,$F$2:$F$501,0)),"") -> , 17 | R13: =IFERROR(", "&INDEX($A$2:$A$501,MATCH($I13&R$1,$F$2:$F$501,0)),"") | S13: =IFERROR(", "&INDEX($A$2:$A$501,MATCH($I13&S$1,$F$2:$F$501,0)),"") | T13: =IFERROR(", "&INDEX($A$2:$A$501,MATCH($I13&T$1,$F$2:$F$501,0)),"") | U13: =IFERROR(", "&INDEX($A$2:$A$501,MATCH($I13&U$1,$F$2:$F$501,0)),"") | V13: =IFERROR(", "&INDEX($A$2:$A$501,MATCH($I13&V$1,$F$2:$F$501,0)),"") | Z13: =IFERROR(INDEX($B$2:$B$501,MATCH($I13&Z$1,$F$2:$F$501,0)),"") -> GI | AA13: =IFERROR(" ,"&INDEX($B$2:$B$501,MATCH($I13&AA$1,$F$2:$F$501,0)),"") -> ,GI | AB13: =IFERROR(" ,"&INDEX($B$2:$B$501,MATCH($I13&AB$1,$F$2:$F$501,0)),"") | AC13: =IFERROR(" ,"&INDEX($B$2:$B$501,MATCH($I13&AC$1,$F$2:$F$501,0)),"") | AD13: =IFERROR(" ,"&INDEX($B$2:$B$501,MATCH($I13&AD$1,$F$2:$F$501,0)),"") | AE13: =IFERROR(" ,"&INDEX($B$2:$B$501,MATCH($I13&AE$1,$F$2:$F$501,0)),"") | AF13: =IFERROR(" ,"&INDEX($B$2:$B$501,MATCH($I13&AF$1,$F$2:$F$501,0)),"") | AV13: 12 | AW13: RICARDO SANTOS | BM13: 12 | BN13: RICARDO SANTOS | BO13: =VLOOKUP(BM13,A:B,2,0) -> RICARDO SANTOS | BP13: =BO13=BN13 -> TRUE
... A16: 15 | B16: FRANKLY | C16: 2039817839 | D16: ok | E16: =COUNTIF($C$1:C16,C16) -> 3 | F16: =C16&E16 -> 20398178393 | G16: =IF(IFERROR(FIND("pg",LOWER(B16)),0)=0,0,1) -> 0 | H16: =IF(IFERROR(FIND("(f)",LOWER(B16)),0)=0,0,1) -> 0 | I16: 2033490246 | J16: =COUNTIF(C:C,I16) -> 5 | K16: =COUNTIFS(C:C,I16,G:G,1)+COUNTIFS(C:C,I16,H:H,1) -> 4 | L16: =CONCATENATE(P16,Q16,R16,S16,T16,U16,V16,) -> 21, 29, 62, 191, 500 | M16: =CONCATENATE(Z16,AA16,AB16,AC16,AD16,AE16,AF16) -> SOLON pg ,SOLON pg ,EDINEI ALVES amigo solon ,SOLON pg ,SOLON pg | N16: =J16-K16 -> 1 | P16: =IFERROR(INDEX($A$2:$A$501,MATCH($I16&P$1,$F$2:$F$501,0)),"") -> 21 | Q16: =IFERROR(", "&INDEX($A$2:$A$501,MATCH($I16&Q$1,$F$2:$F$501,0)),"") -> , 29 | R16: =IFERROR(", "&INDEX($A$2:$A$501,MATCH($I16&R$1,$F$2:$F$501,0)),"") -> , 62 | S16: =IFERROR(", "&INDEX($A$2:$A$501,MATCH($I16&S$1,$F$2:$F$501,0)),"") -> , 191 | T16: =IFERROR(", "&INDEX($A$2:$A$501,MATCH($I16&T$1,$F$2:$F$501,0)),"") -> , 500 | U16: =IFERROR(", "&INDEX($A$2:$A$501,MATCH($I16&U$1,$F$2:$F$501,0)),"") | V16: =IFERROR(", "&INDEX($A$2:$A$501,MATCH($I16&V$1,$F$2:$F$501,0)),"") | Z16: =IFERROR(INDEX($B$2:$B$501,MATCH($I16&Z$1,$F$2:$F$501,0)),"") -> SOLON pg | AA16: =IFERROR(" ,"&INDEX($B$2:$B$501,MATCH($I16&AA$1,$F$2:$F$501,0)),"") -> ,SOLON pg | AB16: =IFERROR(" ,"&INDEX($B$2:$B$501,MATCH($I16&AB$1,$F$2:$F$501,0)),"") -> ,EDINEI ALVES amigo solon | AC16: =IFERROR(" ,"&INDEX($B$2:$B$501,MATCH($I16&AC$1,$F$2:$F$501,0)),"") -> ,SOLON pg | AD16: =IFERROR(" ,"&INDEX($B$2:$B$501,MATCH($I16&AD$1,$F$2:$F$501,0)),"") -> ,SOLON pg | AE16: =IFERROR(" ,"&INDEX($B$2:$B$501,MATCH($I16&AE$1,$F$2:$F$501,0)),"") | AF16: =IFERROR(" ,"&INDEX($B$2:$B$501,MATCH($I16&AF$1,$F$2:$F$501,0)),"") | AV16: 15 | AW16: FRANKLY | BM16: 15 | BN16: FRANKLY | BO16: =VLOOKUP(BM16,A:B,2,0) -> FRANKLY | BP16: =BO16=BN16 -> TRUE
A17: 16 | E17: =COUNTIF($C$1:C17,C17) -> 0 | F17: =C17&E17 -> 0 | G17: =IF(IFERROR(FIND("pg",LOWER(B17)),0)=0,0,1) -> 0 | H17: =IF(IFERROR(FIND("(f)",LOWER(B17)),0)=0,0,1) -> 0 | I17: 9144975684 | J17: =COUNTIF(C:C,I17) -> 2 | K17: =COUNTIFS(C:C,I17,G:G,1)+COUNTIFS(C:C,I17,H:H,1) -> 2 | L17: =CONCATENATE(P17,Q17,R17,S17,T17,U17,V17,) -> 22, 60 | M17: =CONCATENATE(Z17,AA17,AB17,AC17,AD17,AE17,AF17) -> BOY pg ,BOY pg | N17: =J17-K17 -> 0 | P17: =IFERROR(INDEX($A$2:$A$501,MATCH($I17&P$1,$F$2:$F$501,0)),"") -> 22 | Q17: =IFERROR(", "&INDEX($A$2:$A$501,MATCH($I17&Q$1,$F$2:$F$501,0)),"") -> , 60 | R17: =IFERROR(", "&INDEX($A$2:$A$501,MATCH($I17&R$1,$F$2:$F$501,0)),"") | S17: =IFERROR(", "&INDEX($A$2:$A$501,MATCH($I17&S$1,$F$2:$F$501,0)),"") | T17: =IFERROR(", "&INDEX($A$2:$A$501,MATCH($I17&T$1,$F$2:$F$501,0)),"") | U17: =IFERROR(", "&INDEX($A$2:$A$501,MATCH($I17&U$1,$F$2:$F$501,0)),"") | V17: =IFERROR(", "&INDEX($A$2:$A$501,MATCH($I17&V$1,$F$2:$F$501,0)),"") | Z17: =IFERROR(INDEX($B$2:$B$501,MATCH($I17&Z$1,$F$2:$F$501,0)),"") -> BOY pg | AA17: =IFERROR(" ,"&INDEX($B$2:$B$501,MATCH($I17&AA$1,$F$2:$F$501,0)),"") -> ,BOY pg | AB17: =IFERROR(" ,"&INDEX($B$2:$B$501,MATCH($I17&AB$1,$F$2:$F$501,0)),"") | AC17: =IFERROR(" ,"&INDEX($B$2:$B$501,MATCH($I17&AC$1,$F$2:$F$501,0)),"") | AD17: =IFERROR(" ,"&INDEX($B$2:$B$501,MATCH($I17&AD$1,$F$2:$F$501,0)),"") | AE17: =IFERROR(" ,"&INDEX($B$2:$B$501,MATCH($I17&AE$1,$F$2:$F$501,0)),"") | AF17: =IFERROR(" ,"&INDEX($B$2:$B$501,MATCH($I17&AF$1,$F$2:$F$501,0)),"") | AV17: 16 | BM17: 16 | BO17: =VLOOKUP(BM17,A:B,2,0) -> 0 | BP17: =BO17=BN17 -> TRUE
A18: 17 | B18: GI | C18: 2034244624 | D18: ok | E18: =COUNTIF($C$1:C18,C18) -> 2 | F18: =C18&E18 -> 20342446242 | G18: =IF(IFERROR(FIND("pg",LOWER(B18)),0)=0,0,1) -> 0 | H18: =IF(IFERROR(FIND("(f)",LOWER(B18)),0)=0,0,1) -> 0 | I18: 2039538965 | J18: =COUNTIF(C:C,I18) -> 0 | K18: =COUNTIFS(C:C,I18,G:G,1)+COUNTIFS(C:C,I18,H:H,1) -> 0 | L18: =CONCATENATE(P18,Q18,R18,S18,T18,U18,V18,) | M18: =CONCATENATE(Z18,AA18,AB18,AC18,AD18,AE18,AF18) | N18: =J18-K18 -> 0 | P18: =IFERROR(INDEX($A$2:$A$501,MATCH($I18&P$1,$F$2:$F$501,0)),"") | Q18: =IFERROR(", "&INDEX($A$2:$A$501,MATCH($I18&Q$1,$F$2:$F$501,0)),"") | R18: =IFERROR(", "&INDEX($A$2:$A$501,MATCH($I18&R$1,$F$2:$F$501,0)),"") | S18: =IFERROR(", "&INDEX($A$2:$A$501,MATCH($I18&S$1,$F$2:$F$501,0)),"") | T18: =IFERROR(", "&INDEX($A$2:$A$501,MATCH($I18&T$1,$F$2:$F$501,0)),"") | U18: =IFERROR(", "&INDEX($A$2:$A$501,MATCH($I18&U$1,$F$2:$F$501,0)),"") | V18: =IFERROR(", "&INDEX($A$2:$A$501,MATCH($I18&V$1,$F$2:$F$501,0)),"") | Z18: =IFERROR(INDEX($B$2:$B$501,MATCH($I18&Z$1,$F$2:$F$501,0)),"") | AA18: =IFERROR(" ,"&INDEX($B$2:$B$501,MATCH($I18&AA$1,$F$2:$F$501,0)),"") | AB18: =IFERROR(" ,"&INDEX($B$2:$B$501,MATCH($I18&AB$1,$F$2:$F$501,0)),"") | AC18: =IFERROR(" ,"&INDEX($B$2:$B$501,MATCH($I18&AC$1,$F$2:$F$501,0)),"") | AD18: =IFERROR(" ,"&INDEX($B$2:$B$501,MATCH($I18&AD$1,$F$2:$F$501,0)),"") | AE18: =IFERROR(" ,"&INDEX($B$2:$B$501,MATCH($I18&AE$1,$F$2:$F$501,0)),"") | AF18: =IFERROR(" ,"&INDEX($B$2:$B$501,MATCH($I18&AF$1,$F$2:$F$501,0)),"") | AV18: 17 | AW18: GI | BM18: 17 | BN18: GI | BO18: =VLOOKUP(BM18,A:B,2,0) -> GI | BP18: =BO18=BN18 -> TRUE
A19: 18 | B19: SERGIO | C19: 2038580805 | D19: ok | E19: =COUNTIF($C$1:C19,C19) -> 1 | F19: =C19&E19 -> 20385808051 | G19: =IF(IFERROR(FIND("pg",LOWER(B19)),0)=0,0,1) -> 0 | H19: =IF(IFERROR(FIND("(f)",LOWER(B19)),0)=0,0,1) -> 0 | I19: 2039943998 | J19: =COUNTIF(C:C,I19) -> 4 | K19: =COUNTIFS(C:C,I19,G:G,1)+COUNTIFS(C:C,I19,H:H,1) -> 0 | L19: =CONCATENATE(P19,Q19,R19,S19,T19,U19,V19,) -> 26, 45, 171, 226 | M19: =CONCATENATE(Z19,AA19,AB19,AC19,AD19,AE19,AF19) -> FERNANDO XARA ,FERNANDO XARA ,FERNANDO XARA ,FERNANDO XARA | N19: =J19-K19 -> 4 | P19: =IFERROR(INDEX($A$2:$A$501,MATCH($I19&P$1,$F$2:$F$501,0)),"") -> 26 | Q19: =IFERROR(", "&INDEX($A$2:$A$501,MATCH($I19&Q$1,$F$2:$F$501,0)),"") -> , 45 | R19: =IFERROR(", "&INDEX($A$2:$A$501,MATCH($I19&R$1,$F$2:$F$501,0)),"") -> , 171 | S19: =IFERROR(", "&INDEX($A$2:$A$501,MATCH($I19&S$1,$F$2:$F$501,0)),"") -> , 226 | T19: =IFERROR(", "&INDEX($A$2:$A$501,MATCH($I19&T$1,$F$2:$F$501,0)),"") | U19: =IFERROR(", "&INDEX($A$2:$A$501,MATCH($I19&U$1,$F$2:$F$501,0)),"") | V19: =IFERROR(", "&INDEX($A$2:$A$501,MATCH($I19&V$1,$F$2:$F$501,0)),"") | Z19: =IFERROR(INDEX($B$2:$B$501,MATCH($I19&Z$1,$F$2:$F$501,0)),"") -> FERNANDO XARA | AA19: =IFERROR(" ,"&INDEX($B$2:$B$501,MATCH($I19&AA$1,$F$2:$F$501,0)),"") -> ,FERNANDO XARA | AB19: =IFERROR(" ,"&INDEX($B$2:$B$501,MATCH($I19&AB$1,$F$2:$F$501,0)),"") -> ,FERNANDO XARA | AC19: =IFERROR(" ,"&INDEX($B$2:$B$501,MATCH($I19&AC$1,$F$2:$F$501,0)),"") -> ,FERNANDO XARA | AD19: =IFERROR(" ,"&INDEX($B$2:$B$501,MATCH($I19&AD$1,$F$2:$F$501,0)),"") | AE19: =IFERROR(" ,"&INDEX($B$2:$B$501,MATCH($I19&AE$1,$F$2:$F$501,0)),"") | AF19: =IFERROR(" ,"&INDEX($B$2:$B$501,MATCH($I19&AF$1,$F$2:$F$501,0)),"") | AV19: 18 | AW19: SERGIO | BM19: 18 | BN19: SERGIO | BO19: =VLOOKUP(BM19,A:B,2,0) -> SERGIO | BP19: =BO19=BN19 -> TRUE
A20: 19 | B20: GILSON pg | C20: 2032803585 | D20: ok | E20: =COUNTIF($C$1:C20,C20) -> 1 | F20: =C20&E20 -> 20328035851 | G20: =IF(IFERROR(FIND("pg",LOWER(B20)),0)=0,0,1) -> 1 | H20: =IF(IFERROR(FIND("(f)",LOWER(B20)),0)=0,0,1) -> 0 | I20: 5511997219288 | J20: =COUNTIF(C:C,I20) -> 1 | K20: =COUNTIFS(C:C,I20,G:G,1)+COUNTIFS(C:C,I20,H:H,1) -> 0 | L20: =CONCATENATE(P20,Q20,R20,S20,T20,U20,V20,) -> 30 | M20: =CONCATENATE(Z20,AA20,AB20,AC20,AD20,AE20,AF20) -> PAULO HENRIQUE | N20: =J20-K20 -> 1 | P20: =IFERROR(INDEX($A$2:$A$501,MATCH($I20&P$1,$F$2:$F$501,0)),"") -> 30 | Q20: =IFERROR(", "&INDEX($A$2:$A$501,MATCH($I20&Q$1,$F$2:$F$501,0)),"") | R20: =IFERROR(", "&INDEX($A$2:$A$501,MATCH($I20&R$1,$F$2:$F$501,0)),"") | S20: =IFERROR(", "&INDEX($A$2:$A$501,MATCH($I20&S$1,$F$2:$F$501,0)),"") | T20: =IFERROR(", "&INDEX($A$2:$A$501,MATCH($I20&T$1,$F$2:$F$501,0)),"") | U20: =IFERROR(", "&INDEX($A$2:$A$501,MATCH($I20&U$1,$F$2:$F$501,0)),"") | V20: =IFERROR(", "&INDEX($A$2:$A$501,MATCH($I20&V$1,$F$2:$F$501,0)),"") | Z20: =IFERROR(INDEX($B$2:$B$501,MATCH($I20&Z$1,$F$2:$F$501,0)),"") -> PAULO HENRIQUE | AA20: =IFERROR(" ,"&INDEX($B$2:$B$501,MATCH($I20&AA$1,$F$2:$F$501,0)),"") | AB20: =IFERROR(" ,"&INDEX($B$2:$B$501,MATCH($I20&AB$1,$F$2:$F$501,0)),"") | AC20: =IFERROR(" ,"&INDEX($B$2:$B$501,MATCH($I20&AC$1,$F$2:$F$501,0)),"") | AD20: =IFERROR(" ,"&INDEX($B$2:$B$501,MATCH($I20&AD$1,$F$2:$F$501,0)),"") | AE20: =IFERROR(" ,"&INDEX($B$2:$B$501,MATCH($I20&AE$1,$F$2:$F$501,0)),"") | AF20: =IFERROR(" ,"&INDEX($B$2:$B$501,MATCH($I20&AF$1,$F$2:$F$501,0)),"") | AV20: 19 | AW20: GILSON | BM20: 19 | BN20: GILSON pg | BO20: =VLOOKUP(BM20,A:B,2,0) -> GILSON pg | BP20: =BO20=BN20 -> TRUE
A21: 20 | B21: RICARDO SANTOS | C21: 2037150399 | D21: ok | E21: =COUNTIF($C$1:C21,C21) -> 2 | F21: =C21&E21 -> 20371503992 | G21: =IF(IFERROR(FIND("pg",LOWER(B21)),0)=0,0,1) -> 0 | H21: =IF(IFERROR(FIND("(f)",LOWER(B21)),0)=0,0,1) -> 0 | I21: 2038731605 | J21: =COUNTIF(C:C,I21) -> 1 | K21: =COUNTIFS(C:C,I21,G:G,1)+COUNTIFS(C:C,I21,H:H,1) -> 1 | L21: =CONCATENATE(P21,Q21,R21,S21,T21,U21,V21,) -> 31 | M21: =CONCATENATE(Z21,AA21,AB21,AC21,AD21,AE21,AF21) -> OSNI pg | N21: =J21-K21 -> 0 | P21: =IFERROR(INDEX($A$2:$A$501,MATCH($I21&P$1,$F$2:$F$501,0)),"") -> 31 | Q21: =IFERROR(", "&INDEX($A$2:$A$501,MATCH($I21&Q$1,$F$2:$F$501,0)),"") | R21: =IFERROR(", "&INDEX($A$2:$A$501,MATCH($I21&R$1,$F$2:$F$501,0)),"") | S21: =IFERROR(", "&INDEX($A$2:$A$501,MATCH($I21&S$1,$F$2:$F$501,0)),"") | T21: =IFERROR(", "&INDEX($A$2:$A$501,MATCH($I21&T$1,$F$2:$F$501,0)),"") | U21: =IFERROR(", "&INDEX($A$2:$A$501,MATCH($I21&U$1,$F$2:$F$501,0)),"") | V21: =IFERROR(", "&INDEX($A$2:$A$501,MATCH($I21&V$1,$F$2:$F$501,0)),"") | Z21: =IFERROR(INDEX($B$2:$B$501,MATCH($I21&Z$1,$F$2:$F$501,0)),"") -> OSNI pg | AA21: =IFERROR(" ,"&INDEX($B$2:$B$501,MATCH($I21&AA$1,$F$2:$F$501,0)),"") | AB21: =IFERROR(" ,"&INDEX($B$2:$B$501,MATCH($I21&AB$1,$F$2:$F$501,0)),"") | AC21: =IFERROR(" ,"&INDEX($B$2:$B$501,MATCH($I21&AC$1,$F$2:$F$501,0)),"") | AD21: =IFERROR(" ,"&INDEX($B$2:$B$501,MATCH($I21&AD$1,$F$2:$F$501,0)),"") | AE21: =IFERROR(" ,"&INDEX($B$2:$B$501,MATCH($I21&AE$1,$F$2:$F$501,0)),"") | AF21: =IFERROR(" ,"&INDEX($B$2:$B$501,MATCH($I21&AF$1,$F$2:$F$501,0)),"") | AV21: 20 | AW21: RICARDO SANTOS | BM21: 20 | BN21: RICARDO SANTOS | BO21: =VLOOKUP(BM21,A:B,2,0) -> RICARDO SANTOS | BP21: =BO21=BN21 -> TRUE
A22: 21 | B22: SOLON pg | C22: 2033490246 | D22: ok | E22: =COUNTIF($C$1:C22,C22) -> 1 | F22: =C22&E22 -> 20334902461 | G22: =IF(IFERROR(FIND("pg",LOWER(B22)),0)=0,0,1) -> 1 | H22: =IF(IFERROR(FIND("(f)",LOWER(B22)),0)=0,0,1) -> 0 | I22: 2035595696 | J22: =COUNTIF(C:C,I22) -> 1 | K22: =COUNTIFS(C:C,I22,G:G,1)+COUNTIFS(C:C,I22,H:H,1) -> 1 | L22: =CONCATENATE(P22,Q22,R22,S22,T22,U22,V22,) -> 33 | M22: =CONCATENATE(Z22,AA22,AB22,AC22,AD22,AE22,AF22) -> JAIRO pg | N22: =J22-K22 -> 0 | P22: =IFERROR(INDEX($A$2:$A$501,MATCH($I22&P$1,$F$2:$F$501,0)),"") -> 33 | Q22: =IFERROR(", "&INDEX($A$2:$A$501,MATCH($I22&Q$1,$F$2:$F$501,0)),"") | R22: =IFERROR(", "&INDEX($A$2:$A$501,MATCH($I22&R$1,$F$2:$F$501,0)),"") | S22: =IFERROR(", "&INDEX($A$2:$A$501,MATCH($I22&S$1,$F$2:$F$501,0)),"") | T22: =IFERROR(", "&INDEX($A$2:$A$501,MATCH($I22&T$1,$F$2:$F$501,0)),"") | U22: =IFERROR(", "&INDEX($A$2:$A$501,MATCH($I22&U$1,$F$2:$F$501,0)),"") | V22: =IFERROR(", "&INDEX($A$2:$A$501,MATCH($I22&V$1,$F$2:$F$501,0)),"") | Z22: =IFERROR(INDEX($B$2:$B$501,MATCH($I22&Z$1,$F$2:$F$501,0)),"") -> JAIRO pg | AA22: =IFERROR(" ,"&INDEX($B$2:$B$501,MATCH($I22&AA$1,$F$2:$F$501,0)),"") | AB22: =IFERROR(" ,"&INDEX($B$2:$B$501,MATCH($I22&AB$1,$F$2:$F$501,0)),"") | AC22: =IFERROR(" ,"&INDEX($B$2:$B$501,MATCH($I22&AC$1,$F$2:$F$501,0)),"") | AD22: =IFERROR(" ,"&INDEX($B$2:$B$501,MATCH($I22&AD$1,$F$2:$F$501,0)),"") | AE22: =IFERROR(" ,"&INDEX($B$2:$B$501,MATCH($I22&AE$1,$F$2:$F$501,0)),"") | AF22: =IFERROR(" ,"&INDEX($B$2:$B$501,MATCH($I22&AF$1,$F$2:$F$501,0)),"") | AV22: 21 | AW22: SOLON pg | BM22: 21 | BN22: SOLON pg | BO22: =VLOOKUP(BM22,A:B,2,0) -> SOLON pg | BP22: =BO22=BN22 -> TRUE
A23: 22 | B23: BOY pg | C23: 9144975684 | D23: ok | E23: =COUNTIF($C$1:C23,C23) -> 1 | F23: =C23&E23 -> 91449756841 | G23: =IF(IFERROR(FIND("pg",LOWER(B23)),0)=0,0,1) -> 1 | H23: =IF(IFERROR(FIND("(f)",LOWER(B23)),0)=0,0,1) -> 0 | I23: 2039534887 | J23: =COUNTIF(C:C,I23) -> 3 | K23: =COUNTIFS(C:C,I23,G:G,1)+COUNTIFS(C:C,I23,H:H,1) -> 3 | L23: =CONCATENATE(P23,Q23,R23,S23,T23,U23,V23,) -> 34, 167, 423 | M23: =CONCATENATE(Z23,AA23,AB23,AC23,AD23,AE23,AF23) -> Two (Allisson) pg ,Two (Allisson)pg ,Two (Allisson) (f) | N23: =J23-K23 -> 0 | P23: =IFERROR(INDEX($A$2:$A$501,MATCH($I23&P$1,$F$2:$F$501,0)),"") -> 34 | Q23: =IFERROR(", "&INDEX($A$2:$A$501,MATCH($I23&Q$1,$F$2:$F$501,0)),"") -> , 167 | R23: =IFERROR(", "&INDEX($A$2:$A$501,MATCH($I23&R$1,$F$2:$F$501,0)),"") -> , 423 | S23: =IFERROR(", "&INDEX($A$2:$A$501,MATCH($I23&S$1,$F$2:$F$501,0)),"") | T23: =IFERROR(", "&INDEX($A$2:$A$501,MATCH($I23&T$1,$F$2:$F$501,0)),"") | U23: =IFERROR(", "&INDEX($A$2:$A$501,MATCH($I23&U$1,$F$2:$F$501,0)),"") | V23: =IFERROR(", "&INDEX($A$2:$A$501,MATCH($I23&V$1,$F$2:$F$501,0)),"") | Z23: =IFERROR(INDEX($B$2:$B$501,MATCH($I23&Z$1,$F$2:$F$501,0)),"") -> Two (Allisson) pg | AA23: =IFERROR(" ,"&INDEX($B$2:$B$501,MATCH($I23&AA$1,$F$2:$F$501,0)),"") -> ,Two (Allisson)pg | AB23: =IFERROR(" ,"&INDEX($B$2:$B$501,MATCH($I23&AB$1,$F$2:$F$501,0)),"") -> ,Two (Allisson) (f) | AC23: =IFERROR(" ,"&INDEX($B$2:$B$501,MATCH($I23&AC$1,$F$2:$F$501,0)),"") | AD23: =IFERROR(" ,"&INDEX($B$2:$B$501,MATCH($I23&AD$1,$F$2:$F$501,0)),"") | AE23: =IFERROR(" ,"&INDEX($B$2:$B$501,MATCH($I23&AE$1,$F$2:$F$501,0)),"") | AF23: =IFERROR(" ,"&INDEX($B$2:$B$501,MATCH($I23&AF$1,$F$2:$F$501,0)),"") | AV23: 22 | AW23: BOY | BM23: 22 | BN23: BOY | BO23: =VLOOKUP(BM23,A:B,2,0) -> BOY pg | BP23: =BO23=BN23 -> FALSE
A24: 23 | B24: SERGIO | C24: 2038580805 | D24: ok | E24: =COUNTIF($C$1:C24,C24) -> 2 | F24: =C24&E24 -> 20385808052 | G24: =IF(IFERROR(FIND("pg",LOWER(B24)),0)=0,0,1) -> 0 | H24: =IF(IFERROR(FIND("(f)",LOWER(B24)),0)=0,0,1) -> 0 | I24: 2032437348 | J24: =COUNTIF(C:C,I24) -> 1 | K24: =COUNTIFS(C:C,I24,G:G,1)+COUNTIFS(C:C,I24,H:H,1) -> 0 | L24: =CONCATENATE(P24,Q24,R24,S24,T24,U24,V24,) -> 35 | M24: =CONCATENATE(Z24,AA24,AB24,AC24,AD24,AE24,AF24) -> BETO | N24: =J24-K24 -> 1 | P24: =IFERROR(INDEX($A$2:$A$501,MATCH($I24&P$1,$F$2:$F$501,0)),"") -> 35 | Q24: =IFERROR(", "&INDEX($A$2:$A$501,MATCH($I24&Q$1,$F$2:$F$501,0)),"") | R24: =IFERROR(", "&INDEX($A$2:$A$501,MATCH($I24&R$1,$F$2:$F$501,0)),"") | S24: =IFERROR(", "&INDEX($A$2:$A$501,MATCH($I24&S$1,$F$2:$F$501,0)),"") | T24: =IFERROR(", "&INDEX($A$2:$A$501,MATCH($I24&T$1,$F$2:$F$501,0)),"") | U24: =IFERROR(", "&INDEX($A$2:$A$501,MATCH($I24&U$1,$F$2:$F$501,0)),"") | V24: =IFERROR(", "&INDEX($A$2:$A$501,MATCH($I24&V$1,$F$2:$F$501,0)),"") | Z24: =IFERROR(INDEX($B$2:$B$501,MATCH($I24&Z$1,$F$2:$F$501,0)),"") -> BETO | AA24: =IFERROR(" ,"&INDEX($B$2:$B$501,MATCH($I24&AA$1,$F$2:$F$501,0)),"") | AB24: =IFERROR(" ,"&INDEX($B$2:$B$501,MATCH($I24&AB$1,$F$2:$F$501,0)),"") | AC24: =IFERROR(" ,"&INDEX($B$2:$B$501,MATCH($I24&AC$1,$F$2:$F$501,0)),"") | AD24: =IFERROR(" ,"&INDEX($B$2:$B$501,MATCH($I24&AD$1,$F$2:$F$501,0)),"") | AE24: =IFERROR(" ,"&INDEX($B$2:$B$501,MATCH($I24&AE$1,$F$2:$F$501,0)),"") | AF24: =IFERROR(" ,"&INDEX($B$2:$B$501,MATCH($I24&AF$1,$F$2:$F$501,0)),"") | AV24: 23 | AW24: SERGIO | BM24: 23 | BN24: SERGIO | BO24: =VLOOKUP(BM24,A:B,2,0) -> SERGIO | BP24: =BO24=BN24 -> TRUE
A25: 24 | E25: =COUNTIF($C$1:C25,C25) -> 0 | F25: =C25&E25 -> 0 | G25: =IF(IFERROR(FIND("pg",LOWER(B25)),0)=0,0,1) -> 0 | H25: =IF(IFERROR(FIND("(f)",LOWER(B25)),0)=0,0,1) -> 0 | I25: 2035158719 | J25: =COUNTIF(C:C,I25) -> 4 | K25: =COUNTIFS(C:C,I25,G:G,1)+COUNTIFS(C:C,I25,H:H,1) -> 4 | L25: =CONCATENATE(P25,Q25,R25,S25,T25,U25,V25,) -> 36, 54, 55, 88 | M25: =CONCATENATE(Z25,AA25,AB25,AC25,AD25,AE25,AF25) -> ROGERINHO pg ,ROGERINHO pg ,ARLON pg ,CESAR pg | N25: =J25-K25 -> 0 | P25: =IFERROR(INDEX($A$2:$A$501,MATCH($I25&P$1,$F$2:$F$501,0)),"") -> 36 | Q25: =IFERROR(", "&INDEX($A$2:$A$501,MATCH($I25&Q$1,$F$2:$F$501,0)),"") -> , 54 | R25: =IFERROR(", "&INDEX($A$2:$A$501,MATCH($I25&R$1,$F$2:$F$501,0)),"") -> , 55 | S25: =IFERROR(", "&INDEX($A$2:$A$501,MATCH($I25&S$1,$F$2:$F$501,0)),"") -> , 88 | T25: =IFERROR(", "&INDEX($A$2:$A$501,MATCH($I25&T$1,$F$2:$F$501,0)),"") | U25: =IFERROR(", "&INDEX($A$2:$A$501,MATCH($I25&U$1,$F$2:$F$501,0)),"") | V25: =IFERROR(", "&INDEX($A$2:$A$501,MATCH($I25&V$1,$F$2:$F$501,0)),"") | Z25: =IFERROR(INDEX($B$2:$B$501,MATCH($I25&Z$1,$F$2:$F$501,0)),"") -> ROGERINHO pg | AA25: =IFERROR(" ,"&INDEX($B$2:$B$501,MATCH($I25&AA$1,$F$2:$F$501,0)),"") -> ,ROGERINHO pg | AB25: =IFERROR(" ,"&INDEX($B$2:$B$501,MATCH($I25&AB$1,$F$2:$F$501,0)),"") -> ,ARLON pg | AC25: =IFERROR(" ,"&INDEX($B$2:$B$501,MATCH($I25&AC$1,$F$2:$F$501,0)),"") -> ,CESAR pg | AD25: =IFERROR(" ,"&INDEX($B$2:$B$501,MATCH($I25&AD$1,$F$2:$F$501,0)),"") | AE25: =IFERROR(" ,"&INDEX($B$2:$B$501,MATCH($I25&AE$1,$F$2:$F$501,0)),"") | AF25: =IFERROR(" ,"&INDEX($B$2:$B$501,MATCH($I25&AF$1,$F$2:$F$501,0)),"") | AV25: 24 | AW25: ALEXANDRE DA SILVA | BM25: 24 | BN25: ALEXANDRE DA SILVA | BO25: =VLOOKUP(BM25,A:B,2,0) -> 0 | BP25: =BO25=BN25 -> FALSE
A26: 25 | B26: TULIO pg | C26: 9144337335 | D26: ok | E26: =COUNTIF($C$1:C26,C26) -> 2 | F26: =C26&E26 -> 91443373352 | G26: =IF(IFERROR(FIND("pg",LOWER(B26)),0)=0,0,1) -> 1 | H26: =IF(IFERROR(FIND("(f)",LOWER(B26)),0)=0,0,1) -> 0 | I26: 2039483635 | J26: =COUNTIF(C:C,I26) -> 2 | K26: =COUNTIFS(C:C,I26,G:G,1)+COUNTIFS(C:C,I26,H:H,1) -> 0 | L26: =CONCATENATE(P26,Q26,R26,S26,T26,U26,V26,) -> 37, 52 | M26: =CONCATENATE(Z26,AA26,AB26,AC26,AD26,AE26,AF26) -> MARTINS ,MARTINS | N26: =J26-K26 -> 2 | P26: =IFERROR(INDEX($A$2:$A$501,MATCH($I26&P$1,$F$2:$F$501,0)),"") -> 37 | Q26: =IFERROR(", "&INDEX($A$2:$A$501,MATCH($I26&Q$1,$F$2:$F$501,0)),"") -> , 52 | R26: =IFERROR(", "&INDEX($A$2:$A$501,MATCH($I26&R$1,$F$2:$F$501,0)),"") | S26: =IFERROR(", "&INDEX($A$2:$A$501,MATCH($I26&S$1,$F$2:$F$501,0)),"") | T26: =IFERROR(", "&INDEX($A$2:$A$501,MATCH($I26&T$1,$F$2:$F$501,0)),"") | U26: =IFERROR(", "&INDEX($A$2:$A$501,MATCH($I26&U$1,$F$2:$F$501,0)),"") | V26: =IFERROR(", "&INDEX($A$2:$A$501,MATCH($I26&V$1,$F$2:$F$501,0)),"") | Z26: =IFERROR(INDEX($B$2:$B$501,MATCH($I26&Z$1,$F$2:$F$501,0)),"") -> MARTINS | AA26: =IFERROR(" ,"&INDEX($B$2:$B$501,MATCH($I26&AA$1,$F$2:$F$501,0)),"") -> ,MARTINS | AB26: =IFERROR(" ,"&INDEX($B$2:$B$501,MATCH($I26&AB$1,$F$2:$F$501,0)),"") | AC26: =IFERROR(" ,"&INDEX($B$2:$B$501,MATCH($I26&AC$1,$F$2:$F$501,0)),"") | AD26: =IFERROR(" ,"&INDEX($B$2:$B$501,MATCH($I26&AD$1,$F$2:$F$501,0)),"") | AE26: =IFERROR(" ,"&INDEX($B$2:$B$501,MATCH($I26&AE$1,$F$2:$F$501,0)),"") | AF26: =IFERROR(" ,"&INDEX($B$2:$B$501,MATCH($I26&AF$1,$F$2:$F$501,0)),"") | AV26: 25 | AW26: TULIO | BM26: 25 | BN26: TULIO pg | BO26: =VLOOKUP(BM26,A:B,2,0) -> TULIO pg | BP26: =BO26=BN26 -> TRUE
A27: 26 | B27: FERNANDO XARA | C27: 2039943998 | D27: ok | E27: =COUNTIF($C$1:C27,C27) -> 1 | F27: =C27&E27 -> 20399439981 | G27: =IF(IFERROR(FIND("pg",LOWER(B27)),0)=0,0,1) -> 0 | H27: =IF(IFERROR(FIND("(f)",LOWER(B27)),0)=0,0,1) -> 0 | I27: 2038566452 | J27: =COUNTIF(C:C,I27) -> 2 | K27: =COUNTIFS(C:C,I27,G:G,1)+COUNTIFS(C:C,I27,H:H,1) -> 0 | L27: =CONCATENATE(P27,Q27,R27,S27,T27,U27,V27,) -> 39, 150 | M27: =CONCATENATE(Z27,AA27,AB27,AC27,AD27,AE27,AF27) -> SANZIO ,SANZIO | N27: =J27-K27 -> 2 | P27: =IFERROR(INDEX($A$2:$A$501,MATCH($I27&P$1,$F$2:$F$501,0)),"") -> 39 | Q27: =IFERROR(", "&INDEX($A$2:$A$501,MATCH($I27&Q$1,$F$2:$F$501,0)),"") -> , 150 | R27: =IFERROR(", "&INDEX($A$2:$A$501,MATCH($I27&R$1,$F$2:$F$501,0)),"") | S27: =IFERROR(", "&INDEX($A$2:$A$501,MATCH($I27&S$1,$F$2:$F$501,0)),"") | T27: =IFERROR(", "&INDEX($A$2:$A$501,MATCH($I27&T$1,$F$2:$F$501,0)),"") | U27: =IFERROR(", "&INDEX($A$2:$A$501,MATCH($I27&U$1,$F$2:$F$501,0)),"") | V27: =IFERROR(", "&INDEX($A$2:$A$501,MATCH($I27&V$1,$F$2:$F$501,0)),"") | Z27: =IFERROR(INDEX($B$2:$B$501,MATCH($I27&Z$1,$F$2:$F$501,0)),"") -> SANZIO | AA27: =IFERROR(" ,"&INDEX($B$2:$B$501,MATCH($I27&AA$1,$F$2:$F$501,0)),"") -> ,SANZIO | AB27: =IFERROR(" ,"&INDEX($B$2:$B$501,MATCH($I27&AB$1,$F$2:$F$501,0)),"") | AC27: =IFERROR(" ,"&INDEX($B$2:$B$501,MATCH($I27&AC$1,$F$2:$F$501,0)),"") | AD27: =IFERROR(" ,"&INDEX($B$2:$B$501,MATCH($I27&AD$1,$F$2:$F$501,0)),"") | AE27: =IFERROR(" ,"&INDEX($B$2:$B$501,MATCH($I27&AE$1,$F$2:$F$501,0)),"") | AF27: =IFERROR(" ,"&INDEX($B$2:$B$501,MATCH($I27&AF$1,$F$2:$F$501,0)),"") | AV27: 26 | AW27: FERNANDO XARA | BM27: 26 | BN27: FERNANDO XARA | BO27: =VLOOKUP(BM27,A:B,2,0) -> FERNANDO XARA | BP27: =BO27=BN27 -> TRUE
A28: 27 | B28: GILSON pg | C28: 2032803585 | D28: ok | E28: =COUNTIF($C$1:C28,C28) -> 2 | F28: =C28&E28 -> 20328035852 | G28: =IF(IFERROR(FIND("pg",LOWER(B28)),0)=0,0,1) -> 1 | H28: =IF(IFERROR(FIND("(f)",LOWER(B28)),0)=0,0,1) -> 0 | I28: 2033606365 | J28: =COUNTIF(C:C,I28) -> 1 | K28: =COUNTIFS(C:C,I28,G:G,1)+COUNTIFS(C:C,I28,H:H,1) -> 0 | L28: =CONCATENATE(P28,Q28,R28,S28,T28,U28,V28,) -> 40 | M28: =CONCATENATE(Z28,AA28,AB28,AC28,AD28,AE28,AF28) -> MARCELAO | N28: =J28-K28 -> 1 | P28: =IFERROR(INDEX($A$2:$A$501,MATCH($I28&P$1,$F$2:$F$501,0)),"") -> 40 | Q28: =IFERROR(", "&INDEX($A$2:$A$501,MATCH($I28&Q$1,$F$2:$F$501,0)),"") | R28: =IFERROR(", "&INDEX($A$2:$A$501,MATCH($I28&R$1,$F$2:$F$501,0)),"") | S28: =IFERROR(", "&INDEX($A$2:$A$501,MATCH($I28&S$1,$F$2:$F$501,0)),"") | T28: =IFERROR(", "&INDEX($A$2:$A$501,MATCH($I28&T$1,$F$2:$F$501,0)),"") | U28: =IFERROR(", "&INDEX($A$2:$A$501,MATCH($I28&U$1,$F$2:$F$501,0)),"") | V28: =IFERROR(", "&INDEX($A$2:$A$501,MATCH($I28&V$1,$F$2:$F$501,0)),"") | Z28: =IFERROR(INDEX($B$2:$B$501,MATCH($I28&Z$1,$F$2:$F$501,0)),"") -> MARCELAO | AA28: =IFERROR(" ,"&INDEX($B$2:$B$501,MATCH($I28&AA$1,$F$2:$F$501,0)),"") | AB28: =IFERROR(" ,"&INDEX($B$2:$B$501,MATCH($I28&AB$1,$F$2:$F$501,0)),"") | AC28: =IFERROR(" ,"&INDEX($B$2:$B$501,MATCH($I28&AC$1,$F$2:$F$501,0)),"") | AD28: =IFERROR(" ,"&INDEX($B$2:$B$501,MATCH($I28&AD$1,$F$2:$F$501,0)),"") | AE28: =IFERROR(" ,"&INDEX($B$2:$B$501,MATCH($I28&AE$1,$F$2:$F$501,0)),"") | AF28: =IFERROR(" ,"&INDEX($B$2:$B$501,MATCH($I28&AF$1,$F$2:$F$501,0)),"") | AV28: 27 | AW28: GILSON | BM28: 27 | BN28: GILSON pg | BO28: =VLOOKUP(BM28,A:B,2,0) -> GILSON pg | BP28: =BO28=BN28 -> TRUE
A29: 28 | B29: WELVERTON | C29: 2033607352 | D29: em nome deCristiano | E29: =COUNTIF($C$1:C29,C29) -> 1 | F29: =C29&E29 -> 20336073521 | G29: =IF(IFERROR(FIND("pg",LOWER(B29)),0)=0,0,1) -> 0 | H29: =IF(IFERROR(FIND("(f)",LOWER(B29)),0)=0,0,1) -> 0 | I29: 4753621811 | J29: =COUNTIF(C:C,I29) -> 2 | K29: =COUNTIFS(C:C,I29,G:G,1)+COUNTIFS(C:C,I29,H:H,1) -> 0 | L29: =CONCATENATE(P29,Q29,R29,S29,T29,U29,V29,) -> 41, 50 | M29: =CONCATENATE(Z29,AA29,AB29,AC29,AD29,AE29,AF29) -> SIMONE ,SIMONE | N29: =J29-K29 -> 2 | P29: =IFERROR(INDEX($A$2:$A$501,MATCH($I29&P$1,$F$2:$F$501,0)),"") -> 41 | Q29: =IFERROR(", "&INDEX($A$2:$A$501,MATCH($I29&Q$1,$F$2:$F$501,0)),"") -> , 50 | R29: =IFERROR(", "&INDEX($A$2:$A$501,MATCH($I29&R$1,$F$2:$F$501,0)),"") | S29: =IFERROR(", "&INDEX($A$2:$A$501,MATCH($I29&S$1,$F$2:$F$501,0)),"") | T29: =IFERROR(", "&INDEX($A$2:$A$501,MATCH($I29&T$1,$F$2:$F$501,0)),"") | U29: =IFERROR(", "&INDEX($A$2:$A$501,MATCH($I29&U$1,$F$2:$F$501,0)),"") | V29: =IFERROR(", "&INDEX($A$2:$A$501,MATCH($I29&V$1,$F$2:$F$501,0)),"") | Z29: =IFERROR(INDEX($B$2:$B$501,MATCH($I29&Z$1,$F$2:$F$501,0)),"") -> SIMONE | AA29: =IFERROR(" ,"&INDEX($B$2:$B$501,MATCH($I29&AA$1,$F$2:$F$501,0)),"") -> ,SIMONE | AB29: =IFERROR(" ,"&INDEX($B$2:$B$501,MATCH($I29&AB$1,$F$2:$F$501,0)),"") | AC29: =IFERROR(" ,"&INDEX($B$2:$B$501,MATCH($I29&AC$1,$F$2:$F$501,0)),"") | AD29: =IFERROR(" ,"&INDEX($B$2:$B$501,MATCH($I29&AD$1,$F$2:$F$501,0)),"") | AE29: =IFERROR(" ,"&INDEX($B$2:$B$501,MATCH($I29&AE$1,$F$2:$F$501,0)),"") | AF29: =IFERROR(" ,"&INDEX($B$2:$B$501,MATCH($I29&AF$1,$F$2:$F$501,0)),"") | AV29: 28 | AW29: WELVERTON | BM29: 28 | BN29: WELVERTON | BO29: =VLOOKUP(BM29,A:B,2,0) -> WELVERTON | BP29: =BO29=BN29 -> TRUE
A30: 29 | B30: SOLON pg | C30: 2033490246 | D30: ok | E30: =COUNTIF($C$1:C30,C30) -> 2 | F30: =C30&E30 -> 20334902462 | G30: =IF(IFERROR(FIND("pg",LOWER(B30)),0)=0,0,1) -> 1 | H30: =IF(IFERROR(FIND("(f)",LOWER(B30)),0)=0,0,1) -> 0 | I30: 4759884337 | J30: =COUNTIF(C:C,I30) -> 1 | K30: =COUNTIFS(C:C,I30,G:G,1)+COUNTIFS(C:C,I30,H:H,1) -> 0 | L30: =CONCATENATE(P30,Q30,R30,S30,T30,U30,V30,) -> 42 | M30: =CONCATENATE(Z30,AA30,AB30,AC30,AD30,AE30,AF30) -> ALESSANDRO BARBOSA (LEO BAIA) | N30: =J30-K30 -> 1 | P30: =IFERROR(INDEX($A$2:$A$501,MATCH($I30&P$1,$F$2:$F$501,0)),"") -> 42 | Q30: =IFERROR(", "&INDEX($A$2:$A$501,MATCH($I30&Q$1,$F$2:$F$501,0)),"") | R30: =IFERROR(", "&INDEX($A$2:$A$501,MATCH($I30&R$1,$F$2:$F$501,0)),"") | S30: =IFERROR(", "&INDEX($A$2:$A$501,MATCH($I30&S$1,$F$2:$F$501,0)),"") | T30: =IFERROR(", "&INDEX($A$2:$A$501,MATCH($I30&T$1,$F$2:$F$501,0)),"") | U30: =IFERROR(", "&INDEX($A$2:$A$501,MATCH($I30&U$1,$F$2:$F$501,0)),"") | V30: =IFERROR(", "&INDEX($A$2:$A$501,MATCH($I30&V$1,$F$2:$F$501,0)),"") | Z30: =IFERROR(INDEX($B$2:$B$501,MATCH($I30&Z$1,$F$2:$F$501,0)),"") -> ALESSANDRO BARBOSA (LEO BAIA) | AA30: =IFERROR(" ,"&INDEX($B$2:$B$501,MATCH($I30&AA$1,$F$2:$F$501,0)),"") | AB30: =IFERROR(" ,"&INDEX($B$2:$B$501,MATCH($I30&AB$1,$F$2:$F$501,0)),"") | AC30: =IFERROR(" ,"&INDEX($B$2:$B$501,MATCH($I30&AC$1,$F$2:$F$501,0)),"") | AD30: =IFERROR(" ,"&INDEX($B$2:$B$501,MATCH($I30&AD$1,$F$2:$F$501,0)),"") | AE30: =IFERROR(" ,"&INDEX($B$2:$B$501,MATCH($I30&AE$1,$F$2:$F$501,0)),"") | AF30: =IFERROR(" ,"&INDEX($B$2:$B$501,MATCH($I30&AF$1,$F$2:$F$501,0)),"") | AV30: 29 | AW30: SOLON pg | BM30: 29 | BN30: SOLON pg | BO30: =VLOOKUP(BM30,A:B,2,0) -> SOLON pg | BP30: =BO30=BN30 -> TRUE
A31: 30 | B31: PAULO HENRIQUE | C31: 5511997219288 | D31: ok | E31: =COUNTIF($C$1:C31,C31) -> 1 | F31: =C31&E31 -> 55119972192881 | G31: =IF(IFERROR(FIND("pg",LOWER(B31)),0)=0,0,1) -> 0 | H31: =IF(IFERROR(FIND("(f)",LOWER(B31)),0)=0,0,1) -> 0 | I31: 5511992712403 | J31: =COUNTIF(C:C,I31) -> 1 | K31: =COUNTIFS(C:C,I31,G:G,1)+COUNTIFS(C:C,I31,H:H,1) -> 0 | L31: =CONCATENATE(P31,Q31,R31,S31,T31,U31,V31,) -> 43 | M31: =CONCATENATE(Z31,AA31,AB31,AC31,AD31,AE31,AF31) -> IGOR | N31: =J31-K31 -> 1 | P31: =IFERROR(INDEX($A$2:$A$501,MATCH($I31&P$1,$F$2:$F$501,0)),"") -> 43 | Q31: =IFERROR(", "&INDEX($A$2:$A$501,MATCH($I31&Q$1,$F$2:$F$501,0)),"") | R31: =IFERROR(", "&INDEX($A$2:$A$501,MATCH($I31&R$1,$F$2:$F$501,0)),"") | S31: =IFERROR(", "&INDEX($A$2:$A$501,MATCH($I31&S$1,$F$2:$F$501,0)),"") | T31: =IFERROR(", "&INDEX($A$2:$A$501,MATCH($I31&T$1,$F$2:$F$501,0)),"") | U31: =IFERROR(", "&INDEX($A$2:$A$501,MATCH($I31&U$1,$F$2:$F$501,0)),"") | V31: =IFERROR(", "&INDEX($A$2:$A$501,MATCH($I31&V$1,$F$2:$F$501,0)),"") | Z31: =IFERROR(INDEX($B$2:$B$501,MATCH($I31&Z$1,$F$2:$F$501,0)),"") -> IGOR | AA31: =IFERROR(" ,"&INDEX($B$2:$B$501,MATCH($I31&AA$1,$F$2:$F$501,0)),"") | AB31: =IFERROR(" ,"&INDEX($B$2:$B$501,MATCH($I31&AB$1,$F$2:$F$501,0)),"") | AC31: =IFERROR(" ,"&INDEX($B$2:$B$501,MATCH($I31&AC$1,$F$2:$F$501,0)),"") | AD31: =IFERROR(" ,"&INDEX($B$2:$B$501,MATCH($I31&AD$1,$F$2:$F$501,0)),"") | AE31: =IFERROR(" ,"&INDEX($B$2:$B$501,MATCH($I31&AE$1,$F$2:$F$501,0)),"") | AF31: =IFERROR(" ,"&INDEX($B$2:$B$501,MATCH($I31&AF$1,$F$2:$F$501,0)),"") | AV31: 30 | AW31: PAULO HENRIQUE | BM31: 30 | BN31: PAULO HENRIQUE | BO31: =VLOOKUP(BM31,A:B,2,0) -> PAULO HENRIQUE | BP31: =BO31=BN31 -> TRUE
A32: 31 | B32: OSNI pg | C32: 2038731605 | D32: ok | E32: =COUNTIF($C$1:C32,C32) -> 1 | F32: =C32&E32 -> 20387316051 | G32: =IF(IFERROR(FIND("pg",LOWER(B32)),0)=0,0,1) -> 1 | H32: =IF(IFERROR(FIND("(f)",LOWER(B32)),0)=0,0,1) -> 0 | I32: 2033607352 | J32: =COUNTIF(C:C,I32) -> 3 | K32: =COUNTIFS(C:C,I32,G:G,1)+COUNTIFS(C:C,I32,H:H,1) -> 0 | L32: =CONCATENATE(P32,Q32,R32,S32,T32,U32,V32,) -> 28, 44, 137 | M32: =CONCATENATE(Z32,AA32,AB32,AC32,AD32,AE32,AF32) -> WELVERTON ,CRISTIANO ,CRISTIANO | N32: =J32-K32 -> 3 | P32: =IFERROR(INDEX($A$2:$A$501,MATCH($I32&P$1,$F$2:$F$501,0)),"") -> 28 | Q32: =IFERROR(", "&INDEX($A$2:$A$501,MATCH($I32&Q$1,$F$2:$F$501,0)),"") -> , 44 | R32: =IFERROR(", "&INDEX($A$2:$A$501,MATCH($I32&R$1,$F$2:$F$501,0)),"") -> , 137 | S32: =IFERROR(", "&INDEX($A$2:$A$501,MATCH($I32&S$1,$F$2:$F$501,0)),"") | T32: =IFERROR(", "&INDEX($A$2:$A$501,MATCH($I32&T$1,$F$2:$F$501,0)),"") | U32: =IFERROR(", "&INDEX($A$2:$A$501,MATCH($I32&U$1,$F$2:$F$501,0)),"") | V32: =IFERROR(", "&INDEX($A$2:$A$501,MATCH($I32&V$1,$F$2:$F$501,0)),"") | Z32: =IFERROR(INDEX($B$2:$B$501,MATCH($I32&Z$1,$F$2:$F$501,0)),"") -> WELVERTON | AA32: =IFERROR(" ,"&INDEX($B$2:$B$501,MATCH($I32&AA$1,$F$2:$F$501,0)),"") -> ,CRISTIANO | AB32: =IFERROR(" ,"&INDEX($B$2:$B$501,MATCH($I32&AB$1,$F$2:$F$501,0)),"") -> ,CRISTIANO | AC32: =IFERROR(" ,"&INDEX($B$2:$B$501,MATCH($I32&AC$1,$F$2:$F$501,0)),"") | AD32: =IFERROR(" ,"&INDEX($B$2:$B$501,MATCH($I32&AD$1,$F$2:$F$501,0)),"") | AE32: =IFERROR(" ,"&INDEX($B$2:$B$501,MATCH($I32&AE$1,$F$2:$F$501,0)),"") | AF32: =IFERROR(" ,"&INDEX($B$2:$B$501,MATCH($I32&AF$1,$F$2:$F$501,0)),"") | AV32: 31 | AW32: OSNI | BM32: 31 | BN32: OSNI | BO32: =VLOOKUP(BM32,A:B,2,0) -> OSNI pg | BP32: =BO32=BN32 -> FALSE
A33: 32 | B33: HENRY QUINTANA | D33: não loc | E33: =COUNTIF($C$1:C33,C33) -> 0 | F33: =C33&E33 -> 0 | G33: =IF(IFERROR(FIND("pg",LOWER(B33)),0)=0,0,1) -> 0 | H33: =IF(IFERROR(FIND("(f)",LOWER(B33)),0)=0,0,1) -> 0 | I33: 2038185657 | J33: =COUNTIF(C:C,I33) -> 2 | K33: =COUNTIFS(C:C,I33,G:G,1)+COUNTIFS(C:C,I33,H:H,1) -> 2 | L33: =CONCATENATE(P33,Q33,R33,S33,T33,U33,V33,) -> 46, 110 | M33: =CONCATENATE(Z33,AA33,AB33,AC33,AD33,AE33,AF33) -> JESSICA pg ,JESSICA pg | N33: =J33-K33 -> 0 | P33: =IFERROR(INDEX($A$2:$A$501,MATCH($I33&P$1,$F$2:$F$501,0)),"") -> 46 | Q33: =IFERROR(", "&INDEX($A$2:$A$501,MATCH($I33&Q$1,$F$2:$F$501,0)),"") -> , 110 | R33: =IFERROR(", "&INDEX($A$2:$A$501,MATCH($I33&R$1,$F$2:$F$501,0)),"") | S33: =IFERROR(", "&INDEX($A$2:$A$501,MATCH($I33&S$1,$F$2:$F$501,0)),"") | T33: =IFERROR(", "&INDEX($A$2:$A$501,MATCH($I33&T$1,$F$2:$F$501,0)),"") | U33: =IFERROR(", "&INDEX($A$2:$A$501,MATCH($I33&U$1,$F$2:$F$501,0)),"") | V33: =IFERROR(", "&INDEX($A$2:$A$501,MATCH($I33&V$1,$F$2:$F$501,0)),"") | Z33: =IFERROR(INDEX($B$2:$B$501,MATCH($I33&Z$1,$F$2:$F$501,0)),"") -> JESSICA pg | AA33: =IFERROR(" ,"&INDEX($B$2:$B$501,MATCH($I33&AA$1,$F$2:$F$501,0)),"") -> ,JESSICA pg | AB33: =IFERROR(" ,"&INDEX($B$2:$B$501,MATCH($I33&AB$1,$F$2:$F$501,0)),"") | AC33: =IFERROR(" ,"&INDEX($B$2:$B$501,MATCH($I33&AC$1,$F$2:$F$501,0)),"") | AD33: =IFERROR(" ,"&INDEX($B$2:$B$501,MATCH($I33&AD$1,$F$2:$F$501,0)),"") | AE33: =IFERROR(" ,"&INDEX($B$2:$B$501,MATCH($I33&AE$1,$F$2:$F$501,0)),"") | AF33: =IFERROR(" ,"&INDEX($B$2:$B$501,MATCH($I33&AF$1,$F$2:$F$501,0)),"") | AV33: 32 | AW33: HENRY QUINTANA | BM33: 32 | BN33: HENRY QUINTANA | BO33: =VLOOKUP(BM33,A:B,2,0) -> HENRY QUINTANA | BP33: =BO33=BN33 -> TRUE
A34: 33 | B34: JAIRO pg | C34: 2035595696 | D34: ok | E34: =COUNTIF($C$1:C34,C34) -> 1 | F34: =C34&E34 -> 20355956961 | G34: =IF(IFERROR(FIND("pg",LOWER(B34)),0)=0,0,1) -> 1 | H34: =IF(IFERROR(FIND("(f)",LOWER(B34)),0)=0,0,1) -> 0 | I34: 2032122279 | J34: =COUNTIF(C:C,I34) -> 3 | K34: =COUNTIFS(C:C,I34,G:G,1)+COUNTIFS(C:C,I34,H:H,1) -> 0 | L34: =CONCATENATE(P34,Q34,R34,S34,T34,U34,V34,) -> 47, 470, 478 | M34: =CONCATENATE(Z34,AA34,AB34,AC34,AD34,AE34,AF34) -> JEREMIAS COSTA ,JEREMIAS COSTA ,JEREMIAS COSTA | N34: =J34-K34 -> 3 | P34: =IFERROR(INDEX($A$2:$A$501,MATCH($I34&P$1,$F$2:$F$501,0)),"") -> 47 | Q34: =IFERROR(", "&INDEX($A$2:$A$501,MATCH($I34&Q$1,$F$2:$F$501,0)),"") -> , 470 | R34: =IFERROR(", "&INDEX($A$2:$A$501,MATCH($I34&R$1,$F$2:$F$501,0)),"") -> , 478 | S34: =IFERROR(", "&INDEX($A$2:$A$501,MATCH($I34&S$1,$F$2:$F$501,0)),"") | T34: =IFERROR(", "&INDEX($A$2:$A$501,MATCH($I34&T$1,$F$2:$F$501,0)),"") | U34: =IFERROR(", "&INDEX($A$2:$A$501,MATCH($I34&U$1,$F$2:$F$501,0)),"") | V34: =IFERROR(", "&INDEX($A$2:$A$501,MATCH($I34&V$1,$F$2:$F$501,0)),"") | Z34: =IFERROR(INDEX($B$2:$B$501,MATCH($I34&Z$1,$F$2:$F$501,0)),"") -> JEREMIAS COSTA | AA34: =IFERROR(" ,"&INDEX($B$2:$B$501,MATCH($I34&AA$1,$F$2:$F$501,0)),"") -> ,JEREMIAS COSTA | AB34: =IFERROR(" ,"&INDEX($B$2:$B$501,MATCH($I34&AB$1,$F$2:$F$501,0)),"") -> ,JEREMIAS COSTA | AC34: =IFERROR(" ,"&INDEX($B$2:$B$501,MATCH($I34&AC$1,$F$2:$F$501,0)),"") | AD34: =IFERROR(" ,"&INDEX($B$2:$B$501,MATCH($I34&AD$1,$F$2:$F$501,0)),"") | AE34: =IFERROR(" ,"&INDEX($B$2:$B$501,MATCH($I34&AE$1,$F$2:$F$501,0)),"") | AF34: =IFERROR(" ,"&INDEX($B$2:$B$501,MATCH($I34&AF$1,$F$2:$F$501,0)),"") | AV34: 33 | AW34: JAIRO | BM34: 33 | BN34: JAIRO pg | BO34: =VLOOKUP(BM34,A:B,2,0) -> JAIRO pg | BP34: =BO34=BN34 -> TRUE
A35: 34 | B35: Two (Allisson) pg | C35: 2039534887 | D35: ok | E35: =COUNTIF($C$1:C35,C35) -> 1 | F35: =C35&E35 -> 20395348871 | G35: =IF(IFERROR(FIND("pg",LOWER(B35)),0)=0,0,1) -> 1 | H35: =IF(IFERROR(FIND("(f)",LOWER(B35)),0)=0,0,1) -> 0 | I35: 2038148765 | J35: =COUNTIF(C:C,I35) -> 1 | K35: =COUNTIFS(C:C,I35,G:G,1)+COUNTIFS(C:C,I35,H:H,1) -> 0 | L35: =CONCATENATE(P35,Q35,R35,S35,T35,U35,V35,) -> 48 | M35: =CONCATENATE(Z35,AA35,AB35,AC35,AD35,AE35,AF35) -> MARCIO CARVALHO | N35: =J35-K35 -> 1 | P35: =IFERROR(INDEX($A$2:$A$501,MATCH($I35&P$1,$F$2:$F$501,0)),"") -> 48 | Q35: =IFERROR(", "&INDEX($A$2:$A$501,MATCH($I35&Q$1,$F$2:$F$501,0)),"") | R35: =IFERROR(", "&INDEX($A$2:$A$501,MATCH($I35&R$1,$F$2:$F$501,0)),"") | S35: =IFERROR(", "&INDEX($A$2:$A$501,MATCH($I35&S$1,$F$2:$F$501,0)),"") | T35: =IFERROR(", "&INDEX($A$2:$A$501,MATCH($I35&T$1,$F$2:$F$501,0)),"") | U35: =IFERROR(", "&INDEX($A$2:$A$501,MATCH($I35&U$1,$F$2:$F$501,0)),"") | V35: =IFERROR(", "&INDEX($A$2:$A$501,MATCH($I35&V$1,$F$2:$F$501,0)),"") | Z35: =IFERROR(INDEX($B$2:$B$501,MATCH($I35&Z$1,$F$2:$F$501,0)),"") -> MARCIO CARVALHO | AA35: =IFERROR(" ,"&INDEX($B$2:$B$501,MATCH($I35&AA$1,$F$2:$F$501,0)),"") | AB35: =IFERROR(" ,"&INDEX($B$2:$B$501,MATCH($I35&AB$1,$F$2:$F$501,0)),"") | AC35: =IFERROR(" ,"&INDEX($B$2:$B$501,MATCH($I35&AC$1,$F$2:$F$501,0)),"") | AD35: =IFERROR(" ,"&INDEX($B$2:$B$501,MATCH($I35&AD$1,$F$2:$F$501,0)),"") | AE35: =IFERROR(" ,"&INDEX($B$2:$B$501,MATCH($I35&AE$1,$F$2:$F$501,0)),"") | AF35: =IFERROR(" ,"&INDEX($B$2:$B$501,MATCH($I35&AF$1,$F$2:$F$501,0)),"") | AV35: 34 | AW35: Two (Allisson) pg | BM35: 34 | BN35: Two (Allisson) pg | BO35: =VLOOKUP(BM35,A:B,2,0) -> Two (Allisson) pg | BP35: =BO35=BN35 -> TRUE
A36: 35 | B36: BETO | C36: 2032437348 | D36: ok | E36: =COUNTIF($C$1:C36,C36) -> 1 | F36: =C36&E36 -> 20324373481 | G36: =IF(IFERROR(FIND("pg",LOWER(B36)),0)=0,0,1) -> 0 | H36: =IF(IFERROR(FIND("(f)",LOWER(B36)),0)=0,0,1) -> 0 | I36: 2036679981 | J36: =COUNTIF(C:C,I36) -> 1 | K36: =COUNTIFS(C:C,I36,G:G,1)+COUNTIFS(C:C,I36,H:H,1) -> 1 | L36: =CONCATENATE(P36,Q36,R36,S36,T36,U36,V36,) -> 49 | M36: =CONCATENATE(Z36,AA36,AB36,AC36,AD36,AE36,AF36) -> RENE pg | N36: =J36-K36 -> 0 | P36: =IFERROR(INDEX($A$2:$A$501,MATCH($I36&P$1,$F$2:$F$501,0)),"") -> 49 | Q36: =IFERROR(", "&INDEX($A$2:$A$501,MATCH($I36&Q$1,$F$2:$F$501,0)),"") | R36: =IFERROR(", "&INDEX($A$2:$A$501,MATCH($I36&R$1,$F$2:$F$501,0)),"") | S36: =IFERROR(", "&INDEX($A$2:$A$501,MATCH($I36&S$1,$F$2:$F$501,0)),"") | T36: =IFERROR(", "&INDEX($A$2:$A$501,MATCH($I36&T$1,$F$2:$F$501,0)),"") | U36: =IFERROR(", "&INDEX($A$2:$A$501,MATCH($I36&U$1,$F$2:$F$501,0)),"") | V36: =IFERROR(", "&INDEX($A$2:$A$501,MATCH($I36&V$1,$F$2:$F$501,0)),"") | Z36: =IFERROR(INDEX($B$2:$B$501,MATCH($I36&Z$1,$F$2:$F$501,0)),"") -> RENE pg | AA36: =IFERROR(" ,"&INDEX($B$2:$B$501,MATCH($I36&AA$1,$F$2:$F$501,0)),"") | AB36: =IFERROR(" ,"&INDEX($B$2:$B$501,MATCH($I36&AB$1,$F$2:$F$501,0)),"") | AC36: =IFERROR(" ,"&INDEX($B$2:$B$501,MATCH($I36&AC$1,$F$2:$F$501,0)),"") | AD36: =IFERROR(" ,"&INDEX($B$2:$B$501,MATCH($I36&AD$1,$F$2:$F$501,0)),"") | AE36: =IFERROR(" ,"&INDEX($B$2:$B$501,MATCH($I36&AE$1,$F$2:$F$501,0)),"") | AF36: =IFERROR(" ,"&INDEX($B$2:$B$501,MATCH($I36&AF$1,$F$2:$F$501,0)),"") | AV36: 35 | AW36: BETO | BM36: 35 | BN36: BETO | BO36: =VLOOKUP(BM36,A:B,2,0) -> BETO | BP36: =BO36=BN36 -> TRUE
A37: 36 | B37: ROGERINHO pg | C37: 2035158719 | D37: ok | E37: =COUNTIF($C$1:C37,C37) -> 1 | F37: =C37&E37 -> 20351587191 | G37: =IF(IFERROR(FIND("pg",LOWER(B37)),0)=0,0,1) -> 1 | H37: =IF(IFERROR(FIND("(f)",LOWER(B37)),0)=0,0,1) -> 0 | I37: 9144399667 | J37: =COUNTIF(C:C,I37) -> 2 | K37: =COUNTIFS(C:C,I37,G:G,1)+COUNTIFS(C:C,I37,H:H,1) -> 2 | L37: =CONCATENATE(P37,Q37,R37,S37,T37,U37,V37,) -> 53, 65 | M37: =CONCATENATE(Z37,AA37,AB37,AC37,AD37,AE37,AF37) -> ALAN KARLA pg ,ALAN KARLA pg | N37: =J37-K37 -> 0 | P37: =IFERROR(INDEX($A$2:$A$501,MATCH($I37&P$1,$F$2:$F$501,0)),"") -> 53 | Q37: =IFERROR(", "&INDEX($A$2:$A$501,MATCH($I37&Q$1,$F$2:$F$501,0)),"") -> , 65 | R37: =IFERROR(", "&INDEX($A$2:$A$501,MATCH($I37&R$1,$F$2:$F$501,0)),"") | S37: =IFERROR(", "&INDEX($A$2:$A$501,MATCH($I37&S$1,$F$2:$F$501,0)),"") | T37: =IFERROR(", "&INDEX($A$2:$A$501,MATCH($I37&T$1,$F$2:$F$501,0)),"") | U37: =IFERROR(", "&INDEX($A$2:$A$501,MATCH($I37&U$1,$F$2:$F$501,0)),"") | V37: =IFERROR(", "&INDEX($A$2:$A$501,MATCH($I37&V$1,$F$2:$F$501,0)),"") | Z37: =IFERROR(INDEX($B$2:$B$501,MATCH($I37&Z$1,$F$2:$F$501,0)),"") -> ALAN KARLA pg | AA37: =IFERROR(" ,"&INDEX($B$2:$B$501,MATCH($I37&AA$1,$F$2:$F$501,0)),"") -> ,ALAN KARLA pg | AB37: =IFERROR(" ,"&INDEX($B$2:$B$501,MATCH($I37&AB$1,$F$2:$F$501,0)),"") | AC37: =IFERROR(" ,"&INDEX($B$2:$B$501,MATCH($I37&AC$1,$F$2:$F$501,0)),"") | AD37: =IFERROR(" ,"&INDEX($B$2:$B$501,MATCH($I37&AD$1,$F$2:$F$501,0)),"") | AE37: =IFERROR(" ,"&INDEX($B$2:$B$501,MATCH($I37&AE$1,$F$2:$F$501,0)),"") | AF37: =IFERROR(" ,"&INDEX($B$2:$B$501,MATCH($I37&AF$1,$F$2:$F$501,0)),"") | AV37: 36 | AW37: ROGERINHO | BM37: 36 | BN37: ROGERINHO | BO37: =VLOOKUP(BM37,A:B,2,0) -> ROGERINHO pg | BP37: =BO37=BN37 -> FALSE
A38: 37 | B38: MARTINS | C38: 2039483635 | D38: ok | E38: =COUNTIF($C$1:C38,C38) -> 1 | F38: =C38&E38 -> 20394836351 | G38: =IF(IFERROR(FIND("pg",LOWER(B38)),0)=0,0,1) -> 0 | H38: =IF(IFERROR(FIND("(f)",LOWER(B38)),0)=0,0,1) -> 0 | I38: 2039237387 | J38: =COUNTIF(C:C,I38) -> 3 | K38: =COUNTIFS(C:C,I38,G:G,1)+COUNTIFS(C:C,I38,H:H,1) -> 3 | L38: =CONCATENATE(P38,Q38,R38,S38,T38,U38,V38,) -> 56, 126, 242 | M38: =CONCATENATE(Z38,AA38,AB38,AC38,AD38,AE38,AF38) -> LUCIANO Serjao pg ,LUCIANO Serjao pg ,LUCIANO Serjao pg | N38: =J38-K38 -> 0 | P38: =IFERROR(INDEX($A$2:$A$501,MATCH($I38&P$1,$F$2:$F$501,0)),"") -> 56 | Q38: =IFERROR(", "&INDEX($A$2:$A$501,MATCH($I38&Q$1,$F$2:$F$501,0)),"") -> , 126 | R38: =IFERROR(", "&INDEX($A$2:$A$501,MATCH($I38&R$1,$F$2:$F$501,0)),"") -> , 242 | S38: =IFERROR(", "&INDEX($A$2:$A$501,MATCH($I38&S$1,$F$2:$F$501,0)),"") | T38: =IFERROR(", "&INDEX($A$2:$A$501,MATCH($I38&T$1,$F$2:$F$501,0)),"") | U38: =IFERROR(", "&INDEX($A$2:$A$501,MATCH($I38&U$1,$F$2:$F$501,0)),"") | V38: =IFERROR(", "&INDEX($A$2:$A$501,MATCH($I38&V$1,$F$2:$F$501,0)),"") | Z38: =IFERROR(INDEX($B$2:$B$501,MATCH($I38&Z$1,$F$2:$F$501,0)),"") -> LUCIANO Serjao pg | AA38: =IFERROR(" ,"&INDEX($B$2:$B$501,MATCH($I38&AA$1,$F$2:$F$501,0)),"") -> ,LUCIANO Serjao pg | AB38: =IFERROR(" ,"&INDEX($B$2:$B$501,MATCH($I38&AB$1,$F$2:$F$501,0)),"") -> ,LUCIANO Serjao pg | AC38: =IFERROR(" ,"&INDEX($B$2:$B$501,MATCH($I38&AC$1,$F$2:$F$501,0)),"") | AD38: =IFERROR(" ,"&INDEX($B$2:$B$501,MATCH($I38&AD$1,$F$2:$F$501,0)),"") | AE38: =IFERROR(" ,"&INDEX($B$2:$B$501,MATCH($I38&AE$1,$F$2:$F$501,0)),"") | AF38: =IFERROR(" ,"&INDEX($B$2:$B$501,MATCH($I38&AF$1,$F$2:$F$501,0)),"") | AV38: 37 | AW38: MARTINS | BM38: 37 | BN38: MARTINS | BO38: =VLOOKUP(BM38,A:B,2,0) -> MARTINS | BP38: =BO38=BN38 -> TRUE
A39: 38 | E39: =COUNTIF($C$1:C39,C39) -> 0 | F39: =C39&E39 -> 0 | G39: =IF(IFERROR(FIND("pg",LOWER(B39)),0)=0,0,1) -> 0 | H39: =IF(IFERROR(FIND("(f)",LOWER(B39)),0)=0,0,1) -> 0 | I39: 2032570853 | J39: =COUNTIF(C:C,I39) -> 1 | K39: =COUNTIFS(C:C,I39,G:G,1)+COUNTIFS(C:C,I39,H:H,1) -> 0 | L39: =CONCATENATE(P39,Q39,R39,S39,T39,U39,V39,) -> 58 | M39: =CONCATENATE(Z39,AA39,AB39,AC39,AD39,AE39,AF39) -> MAZIM amigo cidmar | N39: =J39-K39 -> 1 | P39: =IFERROR(INDEX($A$2:$A$501,MATCH($I39&P$1,$F$2:$F$501,0)),"") -> 58 | Q39: =IFERROR(", "&INDEX($A$2:$A$501,MATCH($I39&Q$1,$F$2:$F$501,0)),"") | R39: =IFERROR(", "&INDEX($A$2:$A$501,MATCH($I39&R$1,$F$2:$F$501,0)),"") | S39: =IFERROR(", "&INDEX($A$2:$A$501,MATCH($I39&S$1,$F$2:$F$501,0)),"") | T39: =IFERROR(", "&INDEX($A$2:$A$501,MATCH($I39&T$1,$F$2:$F$501,0)),"") | U39: =IFERROR(", "&INDEX($A$2:$A$501,MATCH($I39&U$1,$F$2:$F$501,0)),"") | V39: =IFERROR(", "&INDEX($A$2:$A$501,MATCH($I39&V$1,$F$2:$F$501,0)),"") | Z39: =IFERROR(INDEX($B$2:$B$501,MATCH($I39&Z$1,$F$2:$F$501,0)),"") -> MAZIM amigo cidmar | AA39: =IFERROR(" ,"&INDEX($B$2:$B$501,MATCH($I39&AA$1,$F$2:$F$501,0)),"") | AB39: =IFERROR(" ,"&INDEX($B$2:$B$501,MATCH($I39&AB$1,$F$2:$F$501,0)),"") | AC39: =IFERROR(" ,"&INDEX($B$2:$B$501,MATCH($I39&AC$1,$F$2:$F$501,0)),"") | AD39: =IFERROR(" ,"&INDEX($B$2:$B$501,MATCH($I39&AD$1,$F$2:$F$501,0)),"") | AE39: =IFERROR(" ,"&INDEX($B$2:$B$501,MATCH($I39&AE$1,$F$2:$F$501,0)),"") | AF39: =IFERROR(" ,"&INDEX($B$2:$B$501,MATCH($I39&AF$1,$F$2:$F$501,0)),"") | AV39: 38 | AW39: ALEXANDRE DA SILVA | BM39: 38 | BN39: ALEXANDRE DA SILVA | BO39: =VLOOKUP(BM39,A:B,2,0) -> 0 | BP39: =BO39=BN39 -> FALSE
A40: 39 | B40: SANZIO | C40: 2038566452 | D40: ok | E40: =COUNTIF($C$1:C40,C40) -> 1 | F40: =C40&E40 -> 20385664521 | G40: =IF(IFERROR(FIND("pg",LOWER(B40)),0)=0,0,1) -> 0 | H40: =IF(IFERROR(FIND("(f)",LOWER(B40)),0)=0,0,1) -> 0 | I40: 2038583797 | J40: =COUNTIF(C:C,I40) -> 1 | K40: =COUNTIFS(C:C,I40,G:G,1)+COUNTIFS(C:C,I40,H:H,1) -> 0 | L40: =CONCATENATE(P40,Q40,R40,S40,T40,U40,V40,) -> 59 | M40: =CONCATENATE(Z40,AA40,AB40,AC40,AD40,AE40,AF40) -> ALMIR COSTA | N40: =J40-K40 -> 1 | P40: =IFERROR(INDEX($A$2:$A$501,MATCH($I40&P$1,$F$2:$F$501,0)),"") -> 59 | Q40: =IFERROR(", "&INDEX($A$2:$A$501,MATCH($I40&Q$1,$F$2:$F$501,0)),"") | R40: =IFERROR(", "&INDEX($A$2:$A$501,MATCH($I40&R$1,$F$2:$F$501,0)),"") | S40: =IFERROR(", "&INDEX($A$2:$A$501,MATCH($I40&S$1,$F$2:$F$501,0)),"") | T40: =IFERROR(", "&INDEX($A$2:$A$501,MATCH($I40&T$1,$F$2:$F$501,0)),"") | U40: =IFERROR(", "&INDEX($A$2:$A$501,MATCH($I40&U$1,$F$2:$F$501,0)),"") | V40: =IFERROR(", "&INDEX($A$2:$A$501,MATCH($I40&V$1,$F$2:$F$501,0)),"") | Z40: =IFERROR(INDEX($B$2:$B$501,MATCH($I40&Z$1,$F$2:$F$501,0)),"") -> ALMIR COSTA | AA40: =IFERROR(" ,"&INDEX($B$2:$B$501,MATCH($I40&AA$1,$F$2:$F$501,0)),"") | AB40: =IFERROR(" ,"&INDEX($B$2:$B$501,MATCH($I40&AB$1,$F$2:$F$501,0)),"") | AC40: =IFERROR(" ,"&INDEX($B$2:$B$501,MATCH($I40&AC$1,$F$2:$F$501,0)),"") | AD40: =IFERROR(" ,"&INDEX($B$2:$B$501,MATCH($I40&AD$1,$F$2:$F$501,0)),"") | AE40: =IFERROR(" ,"&INDEX($B$2:$B$501,MATCH($I40&AE$1,$F$2:$F$501,0)),"") | AF40: =IFERROR(" ,"&INDEX($B$2:$B$501,MATCH($I40&AF$1,$F$2:$F$501,0)),"") | AV40: 39 | AW40: SANZIO | BM40: 39 | BN40: SANZIO | BO40: =VLOOKUP(BM40,A:B,2,0) -> SANZIO | BP40: =BO40=BN40 -> TRUE
A41: 40 | B41: MARCELAO | C41: 2033606365 | D41: ok | E41: =COUNTIF($C$1:C41,C41) -> 1 | F41: =C41&E41 -> 20336063651 | G41: =IF(IFERROR(FIND("pg",LOWER(B41)),0)=0,0,1) -> 0 | H41: =IF(IFERROR(FIND("(f)",LOWER(B41)),0)=0,0,1) -> 0 | I41: 2036105893 | J41: =COUNTIF(C:C,I41) -> 3 | K41: =COUNTIFS(C:C,I41,G:G,1)+COUNTIFS(C:C,I41,H:H,1) -> 0 | L41: =CONCATENATE(P41,Q41,R41,S41,T41,U41,V41,) -> 61, 169, 450 | M41: =CONCATENATE(Z41,AA41,AB41,AC41,AD41,AE41,AF41) -> BRYAN DA SILVA /vagner ,WAGNER DA SILVA ,DAVID DA SILVA | N41: =J41-K41 -> 3 | P41: =IFERROR(INDEX($A$2:$A$501,MATCH($I41&P$1,$F$2:$F$501,0)),"") -> 61 | Q41: =IFERROR(", "&INDEX($A$2:$A$501,MATCH($I41&Q$1,$F$2:$F$501,0)),"") -> , 169 | R41: =IFERROR(", "&INDEX($A$2:$A$501,MATCH($I41&R$1,$F$2:$F$501,0)),"") -> , 450 | S41: =IFERROR(", "&INDEX($A$2:$A$501,MATCH($I41&S$1,$F$2:$F$501,0)),"") | T41: =IFERROR(", "&INDEX($A$2:$A$501,MATCH($I41&T$1,$F$2:$F$501,0)),"") | U41: =IFERROR(", "&INDEX($A$2:$A$501,MATCH($I41&U$1,$F$2:$F$501,0)),"") | V41: =IFERROR(", "&INDEX($A$2:$A$501,MATCH($I41&V$1,$F$2:$F$501,0)),"") | Z41: =IFERROR(INDEX($B$2:$B$501,MATCH($I41&Z$1,$F$2:$F$501,0)),"") -> BRYAN DA SILVA /vagner | AA41: =IFERROR(" ,"&INDEX($B$2:$B$501,MATCH($I41&AA$1,$F$2:$F$501,0)),"") -> ,WAGNER DA SILVA | AB41: =IFERROR(" ,"&INDEX($B$2:$B$501,MATCH($I41&AB$1,$F$2:$F$501,0)),"") -> ,DAVID DA SILVA | AC41: =IFERROR(" ,"&INDEX($B$2:$B$501,MATCH($I41&AC$1,$F$2:$F$501,0)),"") | AD41: =IFERROR(" ,"&INDEX($B$2:$B$501,MATCH($I41&AD$1,$F$2:$F$501,0)),"") | AE41: =IFERROR(" ,"&INDEX($B$2:$B$501,MATCH($I41&AE$1,$F$2:$F$501,0)),"") | AF41: =IFERROR(" ,"&INDEX($B$2:$B$501,MATCH($I41&AF$1,$F$2:$F$501,0)),"") | AV41: 40 | AW41: MARCELAO | BM41: 40 | BN41: MARCELAO | BO41: =VLOOKUP(BM41,A:B,2,0) -> MARCELAO | BP41: =BO41=BN41 -> TRUE
A42: 41 | B42: SIMONE | C42: 4753621811 | D42: ok | E42: =COUNTIF($C$1:C42,C42) -> 1 | F42: =C42&E42 -> 47536218111 | G42: =IF(IFERROR(FIND("pg",LOWER(B42)),0)=0,0,1) -> 0 | H42: =IF(IFERROR(FIND("(f)",LOWER(B42)),0)=0,0,1) -> 0 | I42: 9147602272 | J42: =COUNTIF(C:C,I42) -> 7 | K42: =COUNTIFS(C:C,I42,G:G,1)+COUNTIFS(C:C,I42,H:H,1) -> 3 | L42: =CONCATENATE(P42,Q42,R42,S42,T42,U42,V42,) -> 63, 64, 121, 128, 259, 379, 406 | M42: =CONCATENATE(Z42,AA42,AB42,AC42,AD42,AE42,AF42) -> DALTON pg ,DALTON pg ,DALTON pg ,DALTON ,Rafael Melo (Dalton) ,DALNTON ,Rafael Melo (Dalton) | N42: =J42-K42 -> 4 | P42: =IFERROR(INDEX($A$2:$A$501,MATCH($I42&P$1,$F$2:$F$501,0)),"") -> 63 | Q42: =IFERROR(", "&INDEX($A$2:$A$501,MATCH($I42&Q$1,$F$2:$F$501,0)),"") -> , 64 | R42: =IFERROR(", "&INDEX($A$2:$A$501,MATCH($I42&R$1,$F$2:$F$501,0)),"") -> , 121 | S42: =IFERROR(", "&INDEX($A$2:$A$501,MATCH($I42&S$1,$F$2:$F$501,0)),"") -> , 128 | T42: =IFERROR(", "&INDEX($A$2:$A$501,MATCH($I42&T$1,$F$2:$F$501,0)),"") -> , 259 | U42: =IFERROR(", "&INDEX($A$2:$A$501,MATCH($I42&U$1,$F$2:$F$501,0)),"") -> , 379 | V42: =IFERROR(", "&INDEX($A$2:$A$501,MATCH($I42&V$1,$F$2:$F$501,0)),"") -> , 406 | Z42: =IFERROR(INDEX($B$2:$B$501,MATCH($I42&Z$1,$F$2:$F$501,0)),"") -> DALTON pg | AA42: =IFERROR(" ,"&INDEX($B$2:$B$501,MATCH($I42&AA$1,$F$2:$F$501,0)),"") -> ,DALTON pg | AB42: =IFERROR(" ,"&INDEX($B$2:$B$501,MATCH($I42&AB$1,$F$2:$F$501,0)),"") -> ,DALTON pg | AC42: =IFERROR(" ,"&INDEX($B$2:$B$501,MATCH($I42&AC$1,$F$2:$F$501,0)),"") -> ,DALTON | AD42: =IFERROR(" ,"&INDEX($B$2:$B$501,MATCH($I42&AD$1,$F$2:$F$501,0)),"") -> ,Rafael Melo (Dalton) | AE42: =IFERROR(" ,"&INDEX($B$2:$B$501,MATCH($I42&AE$1,$F$2:$F$501,0)),"") -> ,DALNTON | AF42: =IFERROR(" ,"&INDEX($B$2:$B$501,MATCH($I42&AF$1,$F$2:$F$501,0)),"") -> ,Rafael Melo (Dalton) | AV42: 41 | AW42: SIMONE | BM42: 41 | BN42: SIMONE | BO42: =VLOOKUP(BM42,A:B,2,0) -> SIMONE | BP42: =BO42=BN42 -> TRUE
A43: 42 | B43: ALESSANDRO BARBOSA (LEO BAIA) | C43: 4759884337 | D43: ok | E43: =COUNTIF($C$1:C43,C43) -> 1 | F43: =C43&E43 -> 47598843371 | G43: =IF(IFERROR(FIND("pg",LOWER(B43)),0)=0,0,1) -> 0 | H43: =IF(IFERROR(FIND("(f)",LOWER(B43)),0)=0,0,1) -> 0 | I43: 6178661781 | J43: =COUNTIF(C:C,I43) -> 2 | K43: =COUNTIFS(C:C,I43,G:G,1)+COUNTIFS(C:C,I43,H:H,1) -> 0 | L43: =CONCATENATE(P43,Q43,R43,S43,T43,U43,V43,) -> 66, 68 | M43: =CONCATENATE(Z43,AA43,AB43,AC43,AD43,AE43,AF43) -> DANILO AMARAL ,DANILO AMARAL | N43: =J43-K43 -> 2 | P43: =IFERROR(INDEX($A$2:$A$501,MATCH($I43&P$1,$F$2:$F$501,0)),"") -> 66 | Q43: =IFERROR(", "&INDEX($A$2:$A$501,MATCH($I43&Q$1,$F$2:$F$501,0)),"") -> , 68 | R43: =IFERROR(", "&INDEX($A$2:$A$501,MATCH($I43&R$1,$F$2:$F$501,0)),"") | S43: =IFERROR(", "&INDEX($A$2:$A$501,MATCH($I43&S$1,$F$2:$F$501,0)),"") | T43: =IFERROR(", "&INDEX($A$2:$A$501,MATCH($I43&T$1,$F$2:$F$501,0)),"") | U43: =IFERROR(", "&INDEX($A$2:$A$501,MATCH($I43&U$1,$F$2:$F$501,0)),"") | V43: =IFERROR(", "&INDEX($A$2:$A$501,MATCH($I43&V$1,$F$2:$F$501,0)),"") | Z43: =IFERROR(INDEX($B$2:$B$501,MATCH($I43&Z$1,$F$2:$F$501,0)),"") -> DANILO AMARAL | AA43: =IFERROR(" ,"&INDEX($B$2:$B$501,MATCH($I43&AA$1,$F$2:$F$501,0)),"") -> ,DANILO AMARAL | AB43: =IFERROR(" ,"&INDEX($B$2:$B$501,MATCH($I43&AB$1,$F$2:$F$501,0)),"") | AC43: =IFERROR(" ,"&INDEX($B$2:$B$501,MATCH($I43&AC$1,$F$2:$F$501,0)),"") | AD43: =IFERROR(" ,"&INDEX($B$2:$B$501,MATCH($I43&AD$1,$F$2:$F$501,0)),"") | AE43: =IFERROR(" ,"&INDEX($B$2:$B$501,MATCH($I43&AE$1,$F$2:$F$501,0)),"") | AF43: =IFERROR(" ,"&INDEX($B$2:$B$501,MATCH($I43&AF$1,$F$2:$F$501,0)),"") | AV43: 42 | AW43: ALESSANDRO BARBOSA (LEO BAIA) | BM43: 42 | BN43: ALESSANDRO BARBOSA (LEO BAIA) | BO43: =VLOOKUP(BM43,A:B,2,0) -> ALESSANDRO BARBOSA (LEO BAIA) | BP43: =BO43=BN43 -> TRUE
A44: 43 | B44: IGOR | C44: 5511992712403 | D44: ok | E44: =COUNTIF($C$1:C44,C44) -> 1 | F44: =C44&E44 -> 55119927124031 | G44: =IF(IFERROR(FIND("pg",LOWER(B44)),0)=0,0,1) -> 0 | H44: =IF(IFERROR(FIND("(f)",LOWER(B44)),0)=0,0,1) -> 0 | I44: 9144003667 | J44: =COUNTIF(C:C,I44) -> 2 | K44: =COUNTIFS(C:C,I44,G:G,1)+COUNTIFS(C:C,I44,H:H,1) -> 0 | L44: =CONCATENATE(P44,Q44,R44,S44,T44,U44,V44,) -> 73, 205 | M44: =CONCATENATE(Z44,AA44,AB44,AC44,AD44,AE44,AF44) -> ANDERSON JEFERSON ,ANDERSON JEFERSON | N44: =J44-K44 -> 2 | P44: =IFERROR(INDEX($A$2:$A$501,MATCH($I44&P$1,$F$2:$F$501,0)),"") -> 73 | Q44: =IFERROR(", "&INDEX($A$2:$A$501,MATCH($I44&Q$1,$F$2:$F$501,0)),"") -> , 205 | R44: =IFERROR(", "&INDEX($A$2:$A$501,MATCH($I44&R$1,$F$2:$F$501,0)),"") | S44: =IFERROR(", "&INDEX($A$2:$A$501,MATCH($I44&S$1,$F$2:$F$501,0)),"") | T44: =IFERROR(", "&INDEX($A$2:$A$501,MATCH($I44&T$1,$F$2:$F$501,0)),"") | U44: =IFERROR(", "&INDEX($A$2:$A$501,MATCH($I44&U$1,$F$2:$F$501,0)),"") | V44: =IFERROR(", "&INDEX($A$2:$A$501,MATCH($I44&V$1,$F$2:$F$501,0)),"") | Z44: =IFERROR(INDEX($B$2:$B$501,MATCH($I44&Z$1,$F$2:$F$501,0)),"") -> ANDERSON JEFERSON | AA44: =IFERROR(" ,"&INDEX($B$2:$B$501,MATCH($I44&AA$1,$F$2:$F$501,0)),"") -> ,ANDERSON JEFERSON | AB44: =IFERROR(" ,"&INDEX($B$2:$B$501,MATCH($I44&AB$1,$F$2:$F$501,0)),"") | AC44: =IFERROR(" ,"&INDEX($B$2:$B$501,MATCH($I44&AC$1,$F$2:$F$501,0)),"") | AD44: =IFERROR(" ,"&INDEX($B$2:$B$501,MATCH($I44&AD$1,$F$2:$F$501,0)),"") | AE44: =IFERROR(" ,"&INDEX($B$2:$B$501,MATCH($I44&AE$1,$F$2:$F$501,0)),"") | AF44: =IFERROR(" ,"&INDEX($B$2:$B$501,MATCH($I44&AF$1,$F$2:$F$501,0)),"") | AV44: 43 | AW44: IGOR | BM44: 43 | BN44: IGOR | BO44: =VLOOKUP(BM44,A:B,2,0) -> IGOR | BP44: =BO44=BN44 -> TRUE
A45: 44 | B45: CRISTIANO | C45: 2033607352 | D45: ok | E45: =COUNTIF($C$1:C45,C45) -> 2 | F45: =C45&E45 -> 20336073522 | G45: =IF(IFERROR(FIND("pg",LOWER(B45)),0)=0,0,1) -> 0 | H45: =IF(IFERROR(FIND("(f)",LOWER(B45)),0)=0,0,1) -> 0 | I45: 2036006922 | J45: =COUNTIF(C:C,I45) -> 1 | K45: =COUNTIFS(C:C,I45,G:G,1)+COUNTIFS(C:C,I45,H:H,1) -> 0 | L45: =CONCATENATE(P45,Q45,R45,S45,T45,U45,V45,) -> 75 | M45: =CONCATENATE(Z45,AA45,AB45,AC45,AD45,AE45,AF45) -> CIRIS FERREIRA | N45: =J45-K45 -> 1 | P45: =IFERROR(INDEX($A$2:$A$501,MATCH($I45&P$1,$F$2:$F$501,0)),"") -> 75 | Q45: =IFERROR(", "&INDEX($A$2:$A$501,MATCH($I45&Q$1,$F$2:$F$501,0)),"") | R45: =IFERROR(", "&INDEX($A$2:$A$501,MATCH($I45&R$1,$F$2:$F$501,0)),"") | S45: =IFERROR(", "&INDEX($A$2:$A$501,MATCH($I45&S$1,$F$2:$F$501,0)),"") | T45: =IFERROR(", "&INDEX($A$2:$A$501,MATCH($I45&T$1,$F$2:$F$501,0)),"") | U45: =IFERROR(", "&INDEX($A$2:$A$501,MATCH($I45&U$1,$F$2:$F$501,0)),"") | V45: =IFERROR(", "&INDEX($A$2:$A$501,MATCH($I45&V$1,$F$2:$F$501,0)),"") | Z45: =IFERROR(INDEX($B$2:$B$501,MATCH($I45&Z$1,$F$2:$F$501,0)),"") -> CIRIS FERREIRA | AA45: =IFERROR(" ,"&INDEX($B$2:$B$501,MATCH($I45&AA$1,$F$2:$F$501,0)),"") | AB45: =IFERROR(" ,"&INDEX($B$2:$B$501,MATCH($I45&AB$1,$F$2:$F$501,0)),"") | AC45: =IFERROR(" ,"&INDEX($B$2:$B$501,MATCH($I45&AC$1,$F$2:$F$501,0)),"") | AD45: =IFERROR(" ,"&INDEX($B$2:$B$501,MATCH($I45&AD$1,$F$2:$F$501,0)),"") | AE45: =IFERROR(" ,"&INDEX($B$2:$B$501,MATCH($I45&AE$1,$F$2:$F$501,0)),"") | AF45: =IFERROR(" ,"&INDEX($B$2:$B$501,MATCH($I45&AF$1,$F$2:$F$501,0)),"") | AV45: 44 | AW45: CRISTIANO | BM45: 44 | BN45: CRISTIANO | BO45: =VLOOKUP(BM45,A:B,2,0) -> CRISTIANO | BP45: =BO45=BN45 -> TRUE
A46: 45 | B46: FERNANDO XARA | C46: 2039943998 | D46: ok | E46: =COUNTIF($C$1:C46,C46) -> 2 | F46: =C46&E46 -> 20399439982 | G46: =IF(IFERROR(FIND("pg",LOWER(B46)),0)=0,0,1) -> 0 | H46: =IF(IFERROR(FIND("(f)",LOWER(B46)),0)=0,0,1) -> 0 | I46: 2035719888 | J46: =COUNTIF(C:C,I46) -> 2 | K46: =COUNTIFS(C:C,I46,G:G,1)+COUNTIFS(C:C,I46,H:H,1) -> 0 | L46: =CONCATENATE(P46,Q46,R46,S46,T46,U46,V46,) -> 76, 98 | M46: =CONCATENATE(Z46,AA46,AB46,AC46,AD46,AE46,AF46) -> FRANCISCO SOUZA ,FRANCISCO SOUZA | N46: =J46-K46 -> 2 | P46: =IFERROR(INDEX($A$2:$A$501,MATCH($I46&P$1,$F$2:$F$501,0)),"") -> 76 | Q46: =IFERROR(", "&INDEX($A$2:$A$501,MATCH($I46&Q$1,$F$2:$F$501,0)),"") -> , 98 | R46: =IFERROR(", "&INDEX($A$2:$A$501,MATCH($I46&R$1,$F$2:$F$501,0)),"") | S46: =IFERROR(", "&INDEX($A$2:$A$501,MATCH($I46&S$1,$F$2:$F$501,0)),"") | T46: =IFERROR(", "&INDEX($A$2:$A$501,MATCH($I46&T$1,$F$2:$F$501,0)),"") | U46: =IFERROR(", "&INDEX($A$2:$A$501,MATCH($I46&U$1,$F$2:$F$501,0)),"") | V46: =IFERROR(", "&INDEX($A$2:$A$501,MATCH($I46&V$1,$F$2:$F$501,0)),"") | Z46: =IFERROR(INDEX($B$2:$B$501,MATCH($I46&Z$1,$F$2:$F$501,0)),"") -> FRANCISCO SOUZA | AA46: =IFERROR(" ,"&INDEX($B$2:$B$501,MATCH($I46&AA$1,$F$2:$F$501,0)),"") -> ,FRANCISCO SOUZA | AB46: =IFERROR(" ,"&INDEX($B$2:$B$501,MATCH($I46&AB$1,$F$2:$F$501,0)),"") | AC46: =IFERROR(" ,"&INDEX($B$2:$B$501,MATCH($I46&AC$1,$F$2:$F$501,0)),"") | AD46: =IFERROR(" ,"&INDEX($B$2:$B$501,MATCH($I46&AD$1,$F$2:$F$501,0)),"") | AE46: =IFERROR(" ,"&INDEX($B$2:$B$501,MATCH($I46&AE$1,$F$2:$F$501,0)),"") | AF46: =IFERROR(" ,"&INDEX($B$2:$B$501,MATCH($I46&AF$1,$F$2:$F$501,0)),"") | AV46: 45 | AW46: FERNANDO XARA | BM46: 45 | BN46: FERNANDO XARA | BO46: =VLOOKUP(BM46,A:B,2,0) -> FERNANDO XARA | BP46: =BO46=BN46 -> TRUE
A47: 46 | B47: JESSICA pg | C47: 2038185657 | D47: ok | E47: =COUNTIF($C$1:C47,C47) -> 1 | F47: =C47&E47 -> 20381856571 | G47: =IF(IFERROR(FIND("pg",LOWER(B47)),0)=0,0,1) -> 1 | H47: =IF(IFERROR(FIND("(f)",LOWER(B47)),0)=0,0,1) -> 0 | I47: 2039819598 | J47: =COUNTIF(C:C,I47) -> 3 | K47: =COUNTIFS(C:C,I47,G:G,1)+COUNTIFS(C:C,I47,H:H,1) -> 3 | L47: =CONCATENATE(P47,Q47,R47,S47,T47,U47,V47,) -> 78, 168, 393 | M47: =CONCATENATE(Z47,AA47,AB47,AC47,AD47,AE47,AF47) -> Rodrigo / Polly pg ,Rodrigo /polly pg ,Rodrigo / Polly (f) | N47: =J47-K47 -> 0 | P47: =IFERROR(INDEX($A$2:$A$501,MATCH($I47&P$1,$F$2:$F$501,0)),"") -> 78 | Q47: =IFERROR(", "&INDEX($A$2:$A$501,MATCH($I47&Q$1,$F$2:$F$501,0)),"") -> , 168 | R47: =IFERROR(", "&INDEX($A$2:$A$501,MATCH($I47&R$1,$F$2:$F$501,0)),"") -> , 393 | S47: =IFERROR(", "&INDEX($A$2:$A$501,MATCH($I47&S$1,$F$2:$F$501,0)),"") | T47: =IFERROR(", "&INDEX($A$2:$A$501,MATCH($I47&T$1,$F$2:$F$501,0)),"") | U47: =IFERROR(", "&INDEX($A$2:$A$501,MATCH($I47&U$1,$F$2:$F$501,0)),"") | V47: =IFERROR(", "&INDEX($A$2:$A$501,MATCH($I47&V$1,$F$2:$F$501,0)),"") | Z47: =IFERROR(INDEX($B$2:$B$501,MATCH($I47&Z$1,$F$2:$F$501,0)),"") -> Rodrigo / Polly pg | AA47: =IFERROR(" ,"&INDEX($B$2:$B$501,MATCH($I47&AA$1,$F$2:$F$501,0)),"") -> ,Rodrigo /polly pg | AB47: =IFERROR(" ,"&INDEX($B$2:$B$501,MATCH($I47&AB$1,$F$2:$F$501,0)),"") -> ,Rodrigo / Polly (f) | AC47: =IFERROR(" ,"&INDEX($B$2:$B$501,MATCH($I47&AC$1,$F$2:$F$501,0)),"") | AD47: =IFERROR(" ,"&INDEX($B$2:$B$501,MATCH($I47&AD$1,$F$2:$F$501,0)),"") | AE47: =IFERROR(" ,"&INDEX($B$2:$B$501,MATCH($I47&AE$1,$F$2:$F$501,0)),"") | AF47: =IFERROR(" ,"&INDEX($B$2:$B$501,MATCH($I47&AF$1,$F$2:$F$501,0)),"") | AV47: 46 | AW47: JESSICA pg | BM47: 46 | BN47: JESSICA pg | BO47: =VLOOKUP(BM47,A:B,2,0) -> JESSICA pg | BP47: =BO47=BN47 -> TRUE
A48: 47 | B48: JEREMIAS COSTA | C48: 2032122279 | D48: ok | E48: =COUNTIF($C$1:C48,C48) -> 1 | F48: =C48&E48 -> 20321222791 | G48: =IF(IFERROR(FIND("pg",LOWER(B48)),0)=0,0,1) -> 0 | H48: =IF(IFERROR(FIND("(f)",LOWER(B48)),0)=0,0,1) -> 0 | I48: 5615309805 | J48: =COUNTIF(C:C,I48) -> 1 | K48: =COUNTIFS(C:C,I48,G:G,1)+COUNTIFS(C:C,I48,H:H,1) -> 0 | L48: =CONCATENATE(P48,Q48,R48,S48,T48,U48,V48,) -> 79 | M48: =CONCATENATE(Z48,AA48,AB48,AC48,AD48,AE48,AF48) -> LUIS SERGIO | N48: =J48-K48 -> 1 | P48: =IFERROR(INDEX($A$2:$A$501,MATCH($I48&P$1,$F$2:$F$501,0)),"") -> 79 | Q48: =IFERROR(", "&INDEX($A$2:$A$501,MATCH($I48&Q$1,$F$2:$F$501,0)),"") | R48: =IFERROR(", "&INDEX($A$2:$A$501,MATCH($I48&R$1,$F$2:$F$501,0)),"") | S48: =IFERROR(", "&INDEX($A$2:$A$501,MATCH($I48&S$1,$F$2:$F$501,0)),"") | T48: =IFERROR(", "&INDEX($A$2:$A$501,MATCH($I48&T$1,$F$2:$F$501,0)),"") | U48: =IFERROR(", "&INDEX($A$2:$A$501,MATCH($I48&U$1,$F$2:$F$501,0)),"") | V48: =IFERROR(", "&INDEX($A$2:$A$501,MATCH($I48&V$1,$F$2:$F$501,0)),"") | Z48: =IFERROR(INDEX($B$2:$B$501,MATCH($I48&Z$1,$F$2:$F$501,0)),"") -> LUIS SERGIO | AA48: =IFERROR(" ,"&INDEX($B$2:$B$501,MATCH($I48&AA$1,$F$2:$F$501,0)),"") | AB48: =IFERROR(" ,"&INDEX($B$2:$B$501,MATCH($I48&AB$1,$F$2:$F$501,0)),"") | AC48: =IFERROR(" ,"&INDEX($B$2:$B$501,MATCH($I48&AC$1,$F$2:$F$501,0)),"") | AD48: =IFERROR(" ,"&INDEX($B$2:$B$501,MATCH($I48&AD$1,$F$2:$F$501,0)),"") | AE48: =IFERROR(" ,"&INDEX($B$2:$B$501,MATCH($I48&AE$1,$F$2:$F$501,0)),"") | AF48: =IFERROR(" ,"&INDEX($B$2:$B$501,MATCH($I48&AF$1,$F$2:$F$501,0)),"") | AV48: 47 | AW48: JEREMIAS COSTA | BM48: 47 | BN48: JEREMIAS COSTA | BO48: =VLOOKUP(BM48,A:B,2,0) -> JEREMIAS COSTA | BP48: =BO48=BN48 -> TRUE
A49: 48 | B49: MARCIO CARVALHO | C49: 2038148765 | D49: ok | E49: =COUNTIF($C$1:C49,C49) -> 1 | F49: =C49&E49 -> 20381487651 | G49: =IF(IFERROR(FIND("pg",LOWER(B49)),0)=0,0,1) -> 0 | H49: =IF(IFERROR(FIND("(f)",LOWER(B49)),0)=0,0,1) -> 0 | I49: 3528902004 | J49: =COUNTIF(C:C,I49) -> 1 | K49: =COUNTIFS(C:C,I49,G:G,1)+COUNTIFS(C:C,I49,H:H,1) -> 0 | L49: =CONCATENATE(P49,Q49,R49,S49,T49,U49,V49,) -> 82 | M49: =CONCATENATE(Z49,AA49,AB49,AC49,AD49,AE49,AF49) -> DEUSMAR | N49: =J49-K49 -> 1 | P49: =IFERROR(INDEX($A$2:$A$501,MATCH($I49&P$1,$F$2:$F$501,0)),"") -> 82 | Q49: =IFERROR(", "&INDEX($A$2:$A$501,MATCH($I49&Q$1,$F$2:$F$501,0)),"") | R49: =IFERROR(", "&INDEX($A$2:$A$501,MATCH($I49&R$1,$F$2:$F$501,0)),"") | S49: =IFERROR(", "&INDEX($A$2:$A$501,MATCH($I49&S$1,$F$2:$F$501,0)),"") | T49: =IFERROR(", "&INDEX($A$2:$A$501,MATCH($I49&T$1,$F$2:$F$501,0)),"") | U49: =IFERROR(", "&INDEX($A$2:$A$501,MATCH($I49&U$1,$F$2:$F$501,0)),"") | V49: =IFERROR(", "&INDEX($A$2:$A$501,MATCH($I49&V$1,$F$2:$F$501,0)),"") | Z49: =IFERROR(INDEX($B$2:$B$501,MATCH($I49&Z$1,$F$2:$F$501,0)),"") -> DEUSMAR | AA49: =IFERROR(" ,"&INDEX($B$2:$B$501,MATCH($I49&AA$1,$F$2:$F$501,0)),"") | AB49: =IFERROR(" ,"&INDEX($B$2:$B$501,MATCH($I49&AB$1,$F$2:$F$501,0)),"") | AC49: =IFERROR(" ,"&INDEX($B$2:$B$501,MATCH($I49&AC$1,$F$2:$F$501,0)),"") | AD49: =IFERROR(" ,"&INDEX($B$2:$B$501,MATCH($I49&AD$1,$F$2:$F$501,0)),"") | AE49: =IFERROR(" ,"&INDEX($B$2:$B$501,MATCH($I49&AE$1,$F$2:$F$501,0)),"") | AF49: =IFERROR(" ,"&INDEX($B$2:$B$501,MATCH($I49&AF$1,$F$2:$F$501,0)),"") | AV49: 48 | AW49: MARCIO CARVALHO | BM49: 48 | BN49: MARCIO CARVALHO | BO49: =VLOOKUP(BM49,A:B,2,0) -> MARCIO CARVALHO | BP49: =BO49=BN49 -> TRUE
A50: 49 | B50: RENE pg | C50: 2036679981 | D50: ok | E50: =COUNTIF($C$1:C50,C50) -> 1 | F50: =C50&E50 -> 20366799811 | G50: =IF(IFERROR(FIND("pg",LOWER(B50)),0)=0,0,1) -> 1 | H50: =IF(IFERROR(FIND("(f)",LOWER(B50)),0)=0,0,1) -> 0 | I50: 9732826254 | J50: =COUNTIF(C:C,I50) -> 1 | K50: =COUNTIFS(C:C,I50,G:G,1)+COUNTIFS(C:C,I50,H:H,1) -> 1 | L50: =CONCATENATE(P50,Q50,R50,S50,T50,U50,V50,) -> 83 | M50: =CONCATENATE(Z50,AA50,AB50,AC50,AD50,AE50,AF50) -> LEO OLEGARIO pg | N50: =J50-K50 -> 0 | P50: =IFERROR(INDEX($A$2:$A$501,MATCH($I50&P$1,$F$2:$F$501,0)),"") -> 83 | Q50: =IFERROR(", "&INDEX($A$2:$A$501,MATCH($I50&Q$1,$F$2:$F$501,0)),"") | R50: =IFERROR(", "&INDEX($A$2:$A$501,MATCH($I50&R$1,$F$2:$F$501,0)),"") | S50: =IFERROR(", "&INDEX($A$2:$A$501,MATCH($I50&S$1,$F$2:$F$501,0)),"") | T50: =IFERROR(", "&INDEX($A$2:$A$501,MATCH($I50&T$1,$F$2:$F$501,0)),"") | U50: =IFERROR(", "&INDEX($A$2:$A$501,MATCH($I50&U$1,$F$2:$F$501,0)),"") | V50: =IFERROR(", "&INDEX($A$2:$A$501,MATCH($I50&V$1,$F$2:$F$501,0)),"") | Z50: =IFERROR(INDEX($B$2:$B$501,MATCH($I50&Z$1,$F$2:$F$501,0)),"") -> LEO OLEGARIO pg | AA50: =IFERROR(" ,"&INDEX($B$2:$B$501,MATCH($I50&AA$1,$F$2:$F$501,0)),"") | AB50: =IFERROR(" ,"&INDEX($B$2:$B$501,MATCH($I50&AB$1,$F$2:$F$501,0)),"") | AC50: =IFERROR(" ,"&INDEX($B$2:$B$501,MATCH($I50&AC$1,$F$2:$F$501,0)),"") | AD50: =IFERROR(" ,"&INDEX($B$2:$B$501,MATCH($I50&AD$1,$F$2:$F$501,0)),"") | AE50: =IFERROR(" ,"&INDEX($B$2:$B$501,MATCH($I50&AE$1,$F$2:$F$501,0)),"") | AF50: =IFERROR(" ,"&INDEX($B$2:$B$501,MATCH($I50&AF$1,$F$2:$F$501,0)),"") | AV50: 49 | AW50: RENE | BM50: 49 | BN50: RENE | BO50: =VLOOKUP(BM50,A:B,2,0) -> RENE pg | BP50: =BO50=BN50 -> FALSE
A51: 50 | B51: SIMONE | C51: 4753621811 | D51: ok | E51: =COUNTIF($C$1:C51,C51) -> 2 | F51: =C51&E51 -> 47536218112 | G51: =IF(IFERROR(FIND("pg",LOWER(B51)),0)=0,0,1) -> 0 | H51: =IF(IFERROR(FIND("(f)",LOWER(B51)),0)=0,0,1) -> 0 | I51: 5162442819 | J51: =COUNTIF(C:C,I51) -> 2 | K51: =COUNTIFS(C:C,I51,G:G,1)+COUNTIFS(C:C,I51,H:H,1) -> 1 | L51: =CONCATENATE(P51,Q51,R51,S51,T51,U51,V51,) -> 84, 217 | M51: =CONCATENATE(Z51,AA51,AB51,AC51,AD51,AE51,AF51) -> Carlos de Paula (f) ,Carlos de Paula | N51: =J51-K51 -> 1 | P51: =IFERROR(INDEX($A$2:$A$501,MATCH($I51&P$1,$F$2:$F$501,0)),"") -> 84 | Q51: =IFERROR(", "&INDEX($A$2:$A$501,MATCH($I51&Q$1,$F$2:$F$501,0)),"") -> , 217 | R51: =IFERROR(", "&INDEX($A$2:$A$501,MATCH($I51&R$1,$F$2:$F$501,0)),"") | S51: =IFERROR(", "&INDEX($A$2:$A$501,MATCH($I51&S$1,$F$2:$F$501,0)),"") | T51: =IFERROR(", "&INDEX($A$2:$A$501,MATCH($I51&T$1,$F$2:$F$501,0)),"") | U51: =IFERROR(", "&INDEX($A$2:$A$501,MATCH($I51&U$1,$F$2:$F$501,0)),"") | V51: =IFERROR(", "&INDEX($A$2:$A$501,MATCH($I51&V$1,$F$2:$F$501,0)),"") | Z51: =IFERROR(INDEX($B$2:$B$501,MATCH($I51&Z$1,$F$2:$F$501,0)),"") -> Carlos de Paula (f) | AA51: =IFERROR(" ,"&INDEX($B$2:$B$501,MATCH($I51&AA$1,$F$2:$F$501,0)),"") -> ,Carlos de Paula | AB51: =IFERROR(" ,"&INDEX($B$2:$B$501,MATCH($I51&AB$1,$F$2:$F$501,0)),"") | AC51: =IFERROR(" ,"&INDEX($B$2:$B$501,MATCH($I51&AC$1,$F$2:$F$501,0)),"") | AD51: =IFERROR(" ,"&INDEX($B$2:$B$501,MATCH($I51&AD$1,$F$2:$F$501,0)),"") | AE51: =IFERROR(" ,"&INDEX($B$2:$B$501,MATCH($I51&AE$1,$F$2:$F$501,0)),"") | AF51: =IFERROR(" ,"&INDEX($B$2:$B$501,MATCH($I51&AF$1,$F$2:$F$501,0)),"") | AV51: 50 | AW51: SIMONE | BM51: 50 | BN51: SIMONE | BO51: =VLOOKUP(BM51,A:B,2,0) -> SIMONE | BP51: =BO51=BN51 -> TRUE
... A57: 56 | B57: LUCIANO Serjao pg | C57: 2039237387 | D57: ok | E57: =COUNTIF($C$1:C57,C57) -> 1 | F57: =C57&E57 -> 20392373871 | G57: =IF(IFERROR(FIND("pg",LOWER(B57)),0)=0,0,1) -> 1 | H57: =IF(IFERROR(FIND("(f)",LOWER(B57)),0)=0,0,1) -> 0 | I57: 2035239177 | J57: =COUNTIF(C:C,I57) -> 1 | K57: =COUNTIFS(C:C,I57,G:G,1)+COUNTIFS(C:C,I57,H:H,1) -> 0 | L57: =CONCATENATE(P57,Q57,R57,S57,T57,U57,V57,) -> 92 | M57: =CONCATENATE(Z57,AA57,AB57,AC57,AD57,AE57,AF57) -> CHARLLIE | N57: =J57-K57 -> 1 | P57: =IFERROR(INDEX($A$2:$A$501,MATCH($I57&P$1,$F$2:$F$501,0)),"") -> 92 | Q57: =IFERROR(", "&INDEX($A$2:$A$501,MATCH($I57&Q$1,$F$2:$F$501,0)),"") | R57: =IFERROR(", "&INDEX($A$2:$A$501,MATCH($I57&R$1,$F$2:$F$501,0)),"") | S57: =IFERROR(", "&INDEX($A$2:$A$501,MATCH($I57&S$1,$F$2:$F$501,0)),"") | T57: =IFERROR(", "&INDEX($A$2:$A$501,MATCH($I57&T$1,$F$2:$F$501,0)),"") | U57: =IFERROR(", "&INDEX($A$2:$A$501,MATCH($I57&U$1,$F$2:$F$501,0)),"") | V57: =IFERROR(", "&INDEX($A$2:$A$501,MATCH($I57&V$1,$F$2:$F$501,0)),"") | Z57: =IFERROR(INDEX($B$2:$B$501,MATCH($I57&Z$1,$F$2:$F$501,0)),"") -> CHARLLIE | AA57: =IFERROR(" ,"&INDEX($B$2:$B$501,MATCH($I57&AA$1,$F$2:$F$501,0)),"") | AB57: =IFERROR(" ,"&INDEX($B$2:$B$501,MATCH($I57&AB$1,$F$2:$F$501,0)),"") | AC57: =IFERROR(" ,"&INDEX($B$2:$B$501,MATCH($I57&AC$1,$F$2:$F$501,0)),"") | AD57: =IFERROR(" ,"&INDEX($B$2:$B$501,MATCH($I57&AD$1,$F$2:$F$501,0)),"") | AE57: =IFERROR(" ,"&INDEX($B$2:$B$501,MATCH($I57&AE$1,$F$2:$F$501,0)),"") | AF57: =IFERROR(" ,"&INDEX($B$2:$B$501,MATCH($I57&AF$1,$F$2:$F$501,0)),"") | AV57: 56 | AW57: LUCIANO | BM57: 56 | BN57: LUCIANO | BO57: =VLOOKUP(BM57,A:B,2,0) -> LUCIANO Serjao pg | BP57: =BO57=BN57 -> FALSE
A58: 57 | B58: MIGUEL ARAUJO | D58: não loc | E58: =COUNTIF($C$1:C58,C58) -> 0 | F58: =C58&E58 -> 0 | G58: =IF(IFERROR(FIND("pg",LOWER(B58)),0)=0,0,1) -> 0 | H58: =IF(IFERROR(FIND("(f)",LOWER(B58)),0)=0,0,1) -> 0 | I58: 9144839842 | J58: =COUNTIF(C:C,I58) -> 2 | K58: =COUNTIFS(C:C,I58,G:G,1)+COUNTIFS(C:C,I58,H:H,1) -> 0 | L58: =CONCATENATE(P58,Q58,R58,S58,T58,U58,V58,) -> 93, 424 | M58: =CONCATENATE(Z58,AA58,AB58,AC58,AD58,AE58,AF58) -> Joe (Juca) Guimaraes ,Joe (Juca) Guimaraes | N58: =J58-K58 -> 2 | P58: =IFERROR(INDEX($A$2:$A$501,MATCH($I58&P$1,$F$2:$F$501,0)),"") -> 93 | Q58: =IFERROR(", "&INDEX($A$2:$A$501,MATCH($I58&Q$1,$F$2:$F$501,0)),"") -> , 424 | R58: =IFERROR(", "&INDEX($A$2:$A$501,MATCH($I58&R$1,$F$2:$F$501,0)),"") | S58: =IFERROR(", "&INDEX($A$2:$A$501,MATCH($I58&S$1,$F$2:$F$501,0)),"") | T58: =IFERROR(", "&INDEX($A$2:$A$501,MATCH($I58&T$1,$F$2:$F$501,0)),"") | U58: =IFERROR(", "&INDEX($A$2:$A$501,MATCH($I58&U$1,$F$2:$F$501,0)),"") | V58: =IFERROR(", "&INDEX($A$2:$A$501,MATCH($I58&V$1,$F$2:$F$501,0)),"") | Z58: =IFERROR(INDEX($B$2:$B$501,MATCH($I58&Z$1,$F$2:$F$501,0)),"") -> Joe (Juca) Guimaraes | AA58: =IFERROR(" ,"&INDEX($B$2:$B$501,MATCH($I58&AA$1,$F$2:$F$501,0)),"") -> ,Joe (Juca) Guimaraes | AB58: =IFERROR(" ,"&INDEX($B$2:$B$501,MATCH($I58&AB$1,$F$2:$F$501,0)),"") | AC58: =IFERROR(" ,"&INDEX($B$2:$B$501,MATCH($I58&AC$1,$F$2:$F$501,0)),"") | AD58: =IFERROR(" ,"&INDEX($B$2:$B$501,MATCH($I58&AD$1,$F$2:$F$501,0)),"") | AE58: =IFERROR(" ,"&INDEX($B$2:$B$501,MATCH($I58&AE$1,$F$2:$F$501,0)),"") | AF58: =IFERROR(" ,"&INDEX($B$2:$B$501,MATCH($I58&AF$1,$F$2:$F$501,0)),"") | AV58: 57 | AW58: MIGUEL ARAUJO | BM58: 57 | BN58: MIGUEL ARAUJO | BO58: =VLOOKUP(BM58,A:B,2,0) -> MIGUEL ARAUJO | BP58: =BO58=BN58 -> TRUE
A59: 58 | B59: MAZIM amigo cidmar | C59: 2032570853 | D59: ok | E59: =COUNTIF($C$1:C59,C59) -> 1 | F59: =C59&E59 -> 20325708531 | G59: =IF(IFERROR(FIND("pg",LOWER(B59)),0)=0,0,1) -> 0 | H59: =IF(IFERROR(FIND("(f)",LOWER(B59)),0)=0,0,1) -> 0 | I59: 2035229488 | J59: =COUNTIF(C:C,I59) -> 2 | K59: =COUNTIFS(C:C,I59,G:G,1)+COUNTIFS(C:C,I59,H:H,1) -> 0 | L59: =CONCATENATE(P59,Q59,R59,S59,T59,U59,V59,) -> 95, 299 | M59: =CONCATENATE(Z59,AA59,AB59,AC59,AD59,AE59,AF59) -> DIEGO (MECANICO) ,DIEGO MECANICO | N59: =J59-K59 -> 2 | P59: =IFERROR(INDEX($A$2:$A$501,MATCH($I59&P$1,$F$2:$F$501,0)),"") -> 95 | Q59: =IFERROR(", "&INDEX($A$2:$A$501,MATCH($I59&Q$1,$F$2:$F$501,0)),"") -> , 299 | R59: =IFERROR(", "&INDEX($A$2:$A$501,MATCH($I59&R$1,$F$2:$F$501,0)),"") | S59: =IFERROR(", "&INDEX($A$2:$A$501,MATCH($I59&S$1,$F$2:$F$501,0)),"") | T59: =IFERROR(", "&INDEX($A$2:$A$501,MATCH($I59&T$1,$F$2:$F$501,0)),"") | U59: =IFERROR(", "&INDEX($A$2:$A$501,MATCH($I59&U$1,$F$2:$F$501,0)),"") | V59: =IFERROR(", "&INDEX($A$2:$A$501,MATCH($I59&V$1,$F$2:$F$501,0)),"") | Z59: =IFERROR(INDEX($B$2:$B$501,MATCH($I59&Z$1,$F$2:$F$501,0)),"") -> DIEGO (MECANICO) | AA59: =IFERROR(" ,"&INDEX($B$2:$B$501,MATCH($I59&AA$1,$F$2:$F$501,0)),"") -> ,DIEGO MECANICO | AB59: =IFERROR(" ,"&INDEX($B$2:$B$501,MATCH($I59&AB$1,$F$2:$F$501,0)),"") | AC59: =IFERROR(" ,"&INDEX($B$2:$B$501,MATCH($I59&AC$1,$F$2:$F$501,0)),"") | AD59: =IFERROR(" ,"&INDEX($B$2:$B$501,MATCH($I59&AD$1,$F$2:$F$501,0)),"") | AE59: =IFERROR(" ,"&INDEX($B$2:$B$501,MATCH($I59&AE$1,$F$2:$F$501,0)),"") | AF59: =IFERROR(" ,"&INDEX($B$2:$B$501,MATCH($I59&AF$1,$F$2:$F$501,0)),"") | AV59: 58 | AW59: MAZIM amigo cidmar | BM59: 58 | BN59: MAZIM amigo cidmar | BO59: =VLOOKUP(BM59,A:B,2,0) -> MAZIM amigo cidmar | BP59: =BO59=BN59 -> TRUE
A60: 59 | B60: ALMIR COSTA | C60: 2038583797 | D60: ok | E60: =COUNTIF($C$1:C60,C60) -> 1 | F60: =C60&E60 -> 20385837971 | G60: =IF(IFERROR(FIND("pg",LOWER(B60)),0)=0,0,1) -> 0 | H60: =IF(IFERROR(FIND("(f)",LOWER(B60)),0)=0,0,1) -> 0 | I60: 9145659101 | J60: =COUNTIF(C:C,I60) -> 1 | K60: =COUNTIFS(C:C,I60,G:G,1)+COUNTIFS(C:C,I60,H:H,1) -> 1 | L60: =CONCATENATE(P60,Q60,R60,S60,T60,U60,V60,) -> 96 | M60: =CONCATENATE(Z60,AA60,AB60,AC60,AD60,AE60,AF60) -> DOUGLAS pg | N60: =J60-K60 -> 0 | P60: =IFERROR(INDEX($A$2:$A$501,MATCH($I60&P$1,$F$2:$F$501,0)),"") -> 96 | Q60: =IFERROR(", "&INDEX($A$2:$A$501,MATCH($I60&Q$1,$F$2:$F$501,0)),"") | R60: =IFERROR(", "&INDEX($A$2:$A$501,MATCH($I60&R$1,$F$2:$F$501,0)),"") | S60: =IFERROR(", "&INDEX($A$2:$A$501,MATCH($I60&S$1,$F$2:$F$501,0)),"") | T60: =IFERROR(", "&INDEX($A$2:$A$501,MATCH($I60&T$1,$F$2:$F$501,0)),"") | U60: =IFERROR(", "&INDEX($A$2:$A$501,MATCH($I60&U$1,$F$2:$F$501,0)),"") | V60: =IFERROR(", "&INDEX($A$2:$A$501,MATCH($I60&V$1,$F$2:$F$501,0)),"") | Z60: =IFERROR(INDEX($B$2:$B$501,MATCH($I60&Z$1,$F$2:$F$501,0)),"") -> DOUGLAS pg | AA60: =IFERROR(" ,"&INDEX($B$2:$B$501,MATCH($I60&AA$1,$F$2:$F$501,0)),"") | AB60: =IFERROR(" ,"&INDEX($B$2:$B$501,MATCH($I60&AB$1,$F$2:$F$501,0)),"") | AC60: =IFERROR(" ,"&INDEX($B$2:$B$501,MATCH($I60&AC$1,$F$2:$F$501,0)),"") | AD60: =IFERROR(" ,"&INDEX($B$2:$B$501,MATCH($I60&AD$1,$F$2:$F$501,0)),"") | AE60: =IFERROR(" ,"&INDEX($B$2:$B$501,MATCH($I60&AE$1,$F$2:$F$501,0)),"") | AF60: =IFERROR(" ,"&INDEX($B$2:$B$501,MATCH($I60&AF$1,$F$2:$F$501,0)),"") | AV60: 59 | AW60: ALMIR COSTA | BM60: 59 | BN60: ALMIR COSTA | BO60: =VLOOKUP(BM60,A:B,2,0) -> ALMIR COSTA | BP60: =BO60=BN60 -> TRUE
A61: 60 | B61: BOY pg | C61: 9144975684 | D61: ok | E61: =COUNTIF($C$1:C61,C61) -> 2 | F61: =C61&E61 -> 91449756842 | G61: =IF(IFERROR(FIND("pg",LOWER(B61)),0)=0,0,1) -> 1 | H61: =IF(IFERROR(FIND("(f)",LOWER(B61)),0)=0,0,1) -> 0 | I61: 2035597817 | J61: =COUNTIF(C:C,I61) -> 1 | K61: =COUNTIFS(C:C,I61,G:G,1)+COUNTIFS(C:C,I61,H:H,1) -> 0 | L61: =CONCATENATE(P61,Q61,R61,S61,T61,U61,V61,) -> 97 | M61: =CONCATENATE(Z61,AA61,AB61,AC61,AD61,AE61,AF61) -> ROGERIO LOPES | N61: =J61-K61 -> 1 | P61: =IFERROR(INDEX($A$2:$A$501,MATCH($I61&P$1,$F$2:$F$501,0)),"") -> 97 | Q61: =IFERROR(", "&INDEX($A$2:$A$501,MATCH($I61&Q$1,$F$2:$F$501,0)),"") | R61: =IFERROR(", "&INDEX($A$2:$A$501,MATCH($I61&R$1,$F$2:$F$501,0)),"") | S61: =IFERROR(", "&INDEX($A$2:$A$501,MATCH($I61&S$1,$F$2:$F$501,0)),"") | T61: =IFERROR(", "&INDEX($A$2:$A$501,MATCH($I61&T$1,$F$2:$F$501,0)),"") | U61: =IFERROR(", "&INDEX($A$2:$A$501,MATCH($I61&U$1,$F$2:$F$501,0)),"") | V61: =IFERROR(", "&INDEX($A$2:$A$501,MATCH($I61&V$1,$F$2:$F$501,0)),"") | Z61: =IFERROR(INDEX($B$2:$B$501,MATCH($I61&Z$1,$F$2:$F$501,0)),"") -> ROGERIO LOPES | AA61: =IFERROR(" ,"&INDEX($B$2:$B$501,MATCH($I61&AA$1,$F$2:$F$501,0)),"") | AB61: =IFERROR(" ,"&INDEX($B$2:$B$501,MATCH($I61&AB$1,$F$2:$F$501,0)),"") | AC61: =IFERROR(" ,"&INDEX($B$2:$B$501,MATCH($I61&AC$1,$F$2:$F$501,0)),"") | AD61: =IFERROR(" ,"&INDEX($B$2:$B$501,MATCH($I61&AD$1,$F$2:$F$501,0)),"") | AE61: =IFERROR(" ,"&INDEX($B$2:$B$501,MATCH($I61&AE$1,$F$2:$F$501,0)),"") | AF61: =IFERROR(" ,"&INDEX($B$2:$B$501,MATCH($I61&AF$1,$F$2:$F$501,0)),"") | AV61: 60 | AW61: BOY | BM61: 60 | BN61: BOY | BO61: =VLOOKUP(BM61,A:B,2,0) -> BOY pg | BP61: =BO61=BN61 -> FALSE
A62: 61 | B62: BRYAN DA SILVA /vagner | C62: 2036105893 | D62: ok | E62: =COUNTIF($C$1:C62,C62) -> 1 | F62: =C62&E62 -> 20361058931 | G62: =IF(IFERROR(FIND("pg",LOWER(B62)),0)=0,0,1) -> 0 | H62: =IF(IFERROR(FIND("(f)",LOWER(B62)),0)=0,0,1) -> 0 | I62: 9143918505 | J62: =COUNTIF(C:C,I62) -> 3 | K62: =COUNTIFS(C:C,I62,G:G,1)+COUNTIFS(C:C,I62,H:H,1) -> 0 | L62: =CONCATENATE(P62,Q62,R62,S62,T62,U62,V62,) -> 99, 282, 323 | M62: =CONCATENATE(Z62,AA62,AB62,AC62,AD62,AE62,AF62) -> ADRIANO ,ADRIANO ,ADRIANO | N62: =J62-K62 -> 3 | P62: =IFERROR(INDEX($A$2:$A$501,MATCH($I62&P$1,$F$2:$F$501,0)),"") -> 99 | Q62: =IFERROR(", "&INDEX($A$2:$A$501,MATCH($I62&Q$1,$F$2:$F$501,0)),"") -> , 282 | R62: =IFERROR(", "&INDEX($A$2:$A$501,MATCH($I62&R$1,$F$2:$F$501,0)),"") -> , 323 | S62: =IFERROR(", "&INDEX($A$2:$A$501,MATCH($I62&S$1,$F$2:$F$501,0)),"") | T62: =IFERROR(", "&INDEX($A$2:$A$501,MATCH($I62&T$1,$F$2:$F$501,0)),"") | U62: =IFERROR(", "&INDEX($A$2:$A$501,MATCH($I62&U$1,$F$2:$F$501,0)),"") | V62: =IFERROR(", "&INDEX($A$2:$A$501,MATCH($I62&V$1,$F$2:$F$501,0)),"") | Z62: =IFERROR(INDEX($B$2:$B$501,MATCH($I62&Z$1,$F$2:$F$501,0)),"") -> ADRIANO | AA62: =IFERROR(" ,"&INDEX($B$2:$B$501,MATCH($I62&AA$1,$F$2:$F$501,0)),"") -> ,ADRIANO | AB62: =IFERROR(" ,"&INDEX($B$2:$B$501,MATCH($I62&AB$1,$F$2:$F$501,0)),"") -> ,ADRIANO | AC62: =IFERROR(" ,"&INDEX($B$2:$B$501,MATCH($I62&AC$1,$F$2:$F$501,0)),"") | AD62: =IFERROR(" ,"&INDEX($B$2:$B$501,MATCH($I62&AD$1,$F$2:$F$501,0)),"") | AE62: =IFERROR(" ,"&INDEX($B$2:$B$501,MATCH($I62&AE$1,$F$2:$F$501,0)),"") | AF62: =IFERROR(" ,"&INDEX($B$2:$B$501,MATCH($I62&AF$1,$F$2:$F$501,0)),"") | AV62: 61 | AW62: BRYAN DA SILVA /vagner | BM62: 61 | BN62: BRYAN DA SILVA /vagner | BO62: =VLOOKUP(BM62,A:B,2,0) -> BRYAN DA SILVA /vagner | BP62: =BO62=BN62 -> TRUE
A63: 62 | B63: EDINEI ALVES amigo solon | C63: 2033490246 | D63: ok | E63: =COUNTIF($C$1:C63,C63) -> 3 | F63: =C63&E63 -> 20334902463 | G63: =IF(IFERROR(FIND("pg",LOWER(B63)),0)=0,0,1) -> 0 | H63: =IF(IFERROR(FIND("(f)",LOWER(B63)),0)=0,0,1) -> 0 | I63: 2035439473 | J63: =COUNTIF(C:C,I63) -> 2 | K63: =COUNTIFS(C:C,I63,G:G,1)+COUNTIFS(C:C,I63,H:H,1) -> 0 | L63: =CONCATENATE(P63,Q63,R63,S63,T63,U63,V63,) -> 90, 100 | M63: =CONCATENATE(Z63,AA63,AB63,AC63,AD63,AE63,AF63) -> FE EM DEUS 2035439473 ,HARLEY | N63: =J63-K63 -> 2 | P63: =IFERROR(INDEX($A$2:$A$501,MATCH($I63&P$1,$F$2:$F$501,0)),"") -> 90 | Q63: =IFERROR(", "&INDEX($A$2:$A$501,MATCH($I63&Q$1,$F$2:$F$501,0)),"") -> , 100 | R63: =IFERROR(", "&INDEX($A$2:$A$501,MATCH($I63&R$1,$F$2:$F$501,0)),"") | S63: =IFERROR(", "&INDEX($A$2:$A$501,MATCH($I63&S$1,$F$2:$F$501,0)),"") | T63: =IFERROR(", "&INDEX($A$2:$A$501,MATCH($I63&T$1,$F$2:$F$501,0)),"") | U63: =IFERROR(", "&INDEX($A$2:$A$501,MATCH($I63&U$1,$F$2:$F$501,0)),"") | V63: =IFERROR(", "&INDEX($A$2:$A$501,MATCH($I63&V$1,$F$2:$F$501,0)),"") | Z63: =IFERROR(INDEX($B$2:$B$501,MATCH($I63&Z$1,$F$2:$F$501,0)),"") -> FE EM DEUS 2035439473 | AA63: =IFERROR(" ,"&INDEX($B$2:$B$501,MATCH($I63&AA$1,$F$2:$F$501,0)),"") -> ,HARLEY | AB63: =IFERROR(" ,"&INDEX($B$2:$B$501,MATCH($I63&AB$1,$F$2:$F$501,0)),"") | AC63: =IFERROR(" ,"&INDEX($B$2:$B$501,MATCH($I63&AC$1,$F$2:$F$501,0)),"") | AD63: =IFERROR(" ,"&INDEX($B$2:$B$501,MATCH($I63&AD$1,$F$2:$F$501,0)),"") | AE63: =IFERROR(" ,"&INDEX($B$2:$B$501,MATCH($I63&AE$1,$F$2:$F$501,0)),"") | AF63: =IFERROR(" ,"&INDEX($B$2:$B$501,MATCH($I63&AF$1,$F$2:$F$501,0)),"") | AV63: 62 | AW63: EDINEI ALVES amigo solon | BM63: 62 | BN63: EDINEI ALVES amigo solon | BO63: =VLOOKUP(BM63,A:B,2,0) -> EDINEI ALVES amigo solon | BP63: =BO63=BN63 -> TRUE
A64: 63 | B64: DALTON pg | C64: 9147602272 | D64: ok | E64: =COUNTIF($C$1:C64,C64) -> 1 | F64: =C64&E64 -> 91476022721 | G64: =IF(IFERROR(FIND("pg",LOWER(B64)),0)=0,0,1) -> 1 | H64: =IF(IFERROR(FIND("(f)",LOWER(B64)),0)=0,0,1) -> 0 | I64: 2672706341 | J64: =COUNTIF(C:C,I64) -> 3 | K64: =COUNTIFS(C:C,I64,G:G,1)+COUNTIFS(C:C,I64,H:H,1) -> 3 | L64: =CONCATENATE(P64,Q64,R64,S64,T64,U64,V64,) -> 102, 104, 106 | M64: =CONCATENATE(Z64,AA64,AB64,AC64,AD64,AE64,AF64) -> UEVERTON L FERREIRA pg ,UEVERTON L FERREIRA pg ,UEVERTON L FERREIRA pg | N64: =J64-K64 -> 0 | P64: =IFERROR(INDEX($A$2:$A$501,MATCH($I64&P$1,$F$2:$F$501,0)),"") -> 102 | Q64: =IFERROR(", "&INDEX($A$2:$A$501,MATCH($I64&Q$1,$F$2:$F$501,0)),"") -> , 104 | R64: =IFERROR(", "&INDEX($A$2:$A$501,MATCH($I64&R$1,$F$2:$F$501,0)),"") -> , 106 | S64: =IFERROR(", "&INDEX($A$2:$A$501,MATCH($I64&S$1,$F$2:$F$501,0)),"") | T64: =IFERROR(", "&INDEX($A$2:$A$501,MATCH($I64&T$1,$F$2:$F$501,0)),"") | U64: =IFERROR(", "&INDEX($A$2:$A$501,MATCH($I64&U$1,$F$2:$F$501,0)),"") | V64: =IFERROR(", "&INDEX($A$2:$A$501,MATCH($I64&V$1,$F$2:$F$501,0)),"") | Z64: =IFERROR(INDEX($B$2:$B$501,MATCH($I64&Z$1,$F$2:$F$501,0)),"") -> UEVERTON L FERREIRA pg | AA64: =IFERROR(" ,"&INDEX($B$2:$B$501,MATCH($I64&AA$1,$F$2:$F$501,0)),"") -> ,UEVERTON L FERREIRA pg | AB64: =IFERROR(" ,"&INDEX($B$2:$B$501,MATCH($I64&AB$1,$F$2:$F$501,0)),"") -> ,UEVERTON L FERREIRA pg | AC64: =IFERROR(" ,"&INDEX($B$2:$B$501,MATCH($I64&AC$1,$F$2:$F$501,0)),"") | AD64: =IFERROR(" ,"&INDEX($B$2:$B$501,MATCH($I64&AD$1,$F$2:$F$501,0)),"") | AE64: =IFERROR(" ,"&INDEX($B$2:$B$501,MATCH($I64&AE$1,$F$2:$F$501,0)),"") | AF64: =IFERROR(" ,"&INDEX($B$2:$B$501,MATCH($I64&AF$1,$F$2:$F$501,0)),"") | AV64: 63 | AW64: DALTON | BM64: 63 | BN64: DALTON pg | BO64: =VLOOKUP(BM64,A:B,2,0) -> DALTON pg | BP64: =BO64=BN64 -> TRUE
A65: 64 | B65: DALTON pg | C65: 9147602272 | D65: ok | E65: =COUNTIF($C$1:C65,C65) -> 2 | F65: =C65&E65 -> 91476022722 | G65: =IF(IFERROR(FIND("pg",LOWER(B65)),0)=0,0,1) -> 1 | H65: =IF(IFERROR(FIND("(f)",LOWER(B65)),0)=0,0,1) -> 0 | I65: 9144266464 | J65: =COUNTIF(C:C,I65) -> 1 | K65: =COUNTIFS(C:C,I65,G:G,1)+COUNTIFS(C:C,I65,H:H,1) -> 1 | L65: =CONCATENATE(P65,Q65,R65,S65,T65,U65,V65,) -> 103 | M65: =CONCATENATE(Z65,AA65,AB65,AC65,AD65,AE65,AF65) -> RAFA JOAO pg | N65: =J65-K65 -> 0 | P65: =IFERROR(INDEX($A$2:$A$501,MATCH($I65&P$1,$F$2:$F$501,0)),"") -> 103 | Q65: =IFERROR(", "&INDEX($A$2:$A$501,MATCH($I65&Q$1,$F$2:$F$501,0)),"") | R65: =IFERROR(", "&INDEX($A$2:$A$501,MATCH($I65&R$1,$F$2:$F$501,0)),"") | S65: =IFERROR(", "&INDEX($A$2:$A$501,MATCH($I65&S$1,$F$2:$F$501,0)),"") | T65: =IFERROR(", "&INDEX($A$2:$A$501,MATCH($I65&T$1,$F$2:$F$501,0)),"") | U65: =IFERROR(", "&INDEX($A$2:$A$501,MATCH($I65&U$1,$F$2:$F$501,0)),"") | V65: =IFERROR(", "&INDEX($A$2:$A$501,MATCH($I65&V$1,$F$2:$F$501,0)),"") | Z65: =IFERROR(INDEX($B$2:$B$501,MATCH($I65&Z$1,$F$2:$F$501,0)),"") -> RAFA JOAO pg | AA65: =IFERROR(" ,"&INDEX($B$2:$B$501,MATCH($I65&AA$1,$F$2:$F$501,0)),"") | AB65: =IFERROR(" ,"&INDEX($B$2:$B$501,MATCH($I65&AB$1,$F$2:$F$501,0)),"") | AC65: =IFERROR(" ,"&INDEX($B$2:$B$501,MATCH($I65&AC$1,$F$2:$F$501,0)),"") | AD65: =IFERROR(" ,"&INDEX($B$2:$B$501,MATCH($I65&AD$1,$F$2:$F$501,0)),"") | AE65: =IFERROR(" ,"&INDEX($B$2:$B$501,MATCH($I65&AE$1,$F$2:$F$501,0)),"") | AF65: =IFERROR(" ,"&INDEX($B$2:$B$501,MATCH($I65&AF$1,$F$2:$F$501,0)),"") | AV65: 64 | AW65: DALTON | BM65: 64 | BN65: DALTON pg | BO65: =VLOOKUP(BM65,A:B,2,0) -> DALTON pg | BP65: =BO65=BN65 -> TRUE
A66: 65 | B66: ALAN KARLA pg | C66: 9144399667 | D66: ok | E66: =COUNTIF($C$1:C66,C66) -> 2 | F66: =C66&E66 -> 91443996672 | G66: =IF(IFERROR(FIND("pg",LOWER(B66)),0)=0,0,1) -> 1 | H66: =IF(IFERROR(FIND("(f)",LOWER(B66)),0)=0,0,1) -> 0 | I66: 2032432447 | J66: =COUNTIF(C:C,I66) -> 1 | K66: =COUNTIFS(C:C,I66,G:G,1)+COUNTIFS(C:C,I66,H:H,1) -> 0 | L66: =CONCATENATE(P66,Q66,R66,S66,T66,U66,V66,) -> 108 | M66: =CONCATENATE(Z66,AA66,AB66,AC66,AD66,AE66,AF66) -> WIGNER LIMA | N66: =J66-K66 -> 1 | P66: =IFERROR(INDEX($A$2:$A$501,MATCH($I66&P$1,$F$2:$F$501,0)),"") -> 108 | Q66: =IFERROR(", "&INDEX($A$2:$A$501,MATCH($I66&Q$1,$F$2:$F$501,0)),"") | R66: =IFERROR(", "&INDEX($A$2:$A$501,MATCH($I66&R$1,$F$2:$F$501,0)),"") | S66: =IFERROR(", "&INDEX($A$2:$A$501,MATCH($I66&S$1,$F$2:$F$501,0)),"") | T66: =IFERROR(", "&INDEX($A$2:$A$501,MATCH($I66&T$1,$F$2:$F$501,0)),"") | U66: =IFERROR(", "&INDEX($A$2:$A$501,MATCH($I66&U$1,$F$2:$F$501,0)),"") | V66: =IFERROR(", "&INDEX($A$2:$A$501,MATCH($I66&V$1,$F$2:$F$501,0)),"") | Z66: =IFERROR(INDEX($B$2:$B$501,MATCH($I66&Z$1,$F$2:$F$501,0)),"") -> WIGNER LIMA | AA66: =IFERROR(" ,"&INDEX($B$2:$B$501,MATCH($I66&AA$1,$F$2:$F$501,0)),"") | AB66: =IFERROR(" ,"&INDEX($B$2:$B$501,MATCH($I66&AB$1,$F$2:$F$501,0)),"") | AC66: =IFERROR(" ,"&INDEX($B$2:$B$501,MATCH($I66&AC$1,$F$2:$F$501,0)),"") | AD66: =IFERROR(" ,"&INDEX($B$2:$B$501,MATCH($I66&AD$1,$F$2:$F$501,0)),"") | AE66: =IFERROR(" ,"&INDEX($B$2:$B$501,MATCH($I66&AE$1,$F$2:$F$501,0)),"") | AF66: =IFERROR(" ,"&INDEX($B$2:$B$501,MATCH($I66&AF$1,$F$2:$F$501,0)),"") | AV66: 65 | AW66: ALAN KARLA pg | BM66: 65 | BN66: ALAN KARLA pg | BO66: =VLOOKUP(BM66,A:B,2,0) -> ALAN KARLA pg | BP66: =BO66=BN66 -> TRUE
A67: 66 | B67: DANILO AMARAL | C67: 6178661781 | D67: ok | E67: =COUNTIF($C$1:C67,C67) -> 1 | F67: =C67&E67 -> 61786617811 | G67: =IF(IFERROR(FIND("pg",LOWER(B67)),0)=0,0,1) -> 0 | H67: =IF(IFERROR(FIND("(f)",LOWER(B67)),0)=0,0,1) -> 0 | I67: 9148302799 | J67: =COUNTIF(C:C,I67) -> 4 | K67: =COUNTIFS(C:C,I67,G:G,1)+COUNTIFS(C:C,I67,H:H,1) -> 4 | L67: =CONCATENATE(P67,Q67,R67,S67,T67,U67,V67,) -> 111, 387, 411, 487 | M67: =CONCATENATE(Z67,AA67,AB67,AC67,AD67,AE67,AF67) -> RONAN pg ,Ronan (Empire home solution)pg ,Ronan (Empire home solution)pg ,Ronan (Empire home solution) (f) | N67: =J67-K67 -> 0 | P67: =IFERROR(INDEX($A$2:$A$501,MATCH($I67&P$1,$F$2:$F$501,0)),"") -> 111 | Q67: =IFERROR(", "&INDEX($A$2:$A$501,MATCH($I67&Q$1,$F$2:$F$501,0)),"") -> , 387 | R67: =IFERROR(", "&INDEX($A$2:$A$501,MATCH($I67&R$1,$F$2:$F$501,0)),"") -> , 411 | S67: =IFERROR(", "&INDEX($A$2:$A$501,MATCH($I67&S$1,$F$2:$F$501,0)),"") -> , 487 | T67: =IFERROR(", "&INDEX($A$2:$A$501,MATCH($I67&T$1,$F$2:$F$501,0)),"") | U67: =IFERROR(", "&INDEX($A$2:$A$501,MATCH($I67&U$1,$F$2:$F$501,0)),"") | V67: =IFERROR(", "&INDEX($A$2:$A$501,MATCH($I67&V$1,$F$2:$F$501,0)),"") | Z67: =IFERROR(INDEX($B$2:$B$501,MATCH($I67&Z$1,$F$2:$F$501,0)),"") -> RONAN pg | AA67: =IFERROR(" ,"&INDEX($B$2:$B$501,MATCH($I67&AA$1,$F$2:$F$501,0)),"") -> ,Ronan (Empire home solution)pg | AB67: =IFERROR(" ,"&INDEX($B$2:$B$501,MATCH($I67&AB$1,$F$2:$F$501,0)),"") -> ,Ronan (Empire home solution)pg | AC67: =IFERROR(" ,"&INDEX($B$2:$B$501,MATCH($I67&AC$1,$F$2:$F$501,0)),"") -> ,Ronan (Empire home solution) (f) | AD67: =IFERROR(" ,"&INDEX($B$2:$B$501,MATCH($I67&AD$1,$F$2:$F$501,0)),"") | AE67: =IFERROR(" ,"&INDEX($B$2:$B$501,MATCH($I67&AE$1,$F$2:$F$501,0)),"") | AF67: =IFERROR(" ,"&INDEX($B$2:$B$501,MATCH($I67&AF$1,$F$2:$F$501,0)),"") | AV67: 66 | AW67: DANILO AMARAL | BM67: 66 | BN67: DANILO AMARAL | BO67: =VLOOKUP(BM67,A:B,2,0) -> DANILO AMARAL | BP67: =BO67=BN67 -> TRUE
A68: 67 | B68: ROGERIO PLUMBER | C68: 9148376239 | D68: ok | E68: =COUNTIF($C$1:C68,C68) -> 2 | F68: =C68&E68 -> 91483762392 | G68: =IF(IFERROR(FIND("pg",LOWER(B68)),0)=0,0,1) -> 0 | H68: =IF(IFERROR(FIND("(f)",LOWER(B68)),0)=0,0,1) -> 0 | I68: 6313360222 | J68: =COUNTIF(C:C,I68) -> 1 | K68: =COUNTIFS(C:C,I68,G:G,1)+COUNTIFS(C:C,I68,H:H,1) -> 1 | L68: =CONCATENATE(P68,Q68,R68,S68,T68,U68,V68,) -> 112 | M68: =CONCATENATE(Z68,AA68,AB68,AC68,AD68,AE68,AF68) -> MARCOS VINICIUS pg | N68: =J68-K68 -> 0 | P68: =IFERROR(INDEX($A$2:$A$501,MATCH($I68&P$1,$F$2:$F$501,0)),"") -> 112 | Q68: =IFERROR(", "&INDEX($A$2:$A$501,MATCH($I68&Q$1,$F$2:$F$501,0)),"") | R68: =IFERROR(", "&INDEX($A$2:$A$501,MATCH($I68&R$1,$F$2:$F$501,0)),"") | S68: =IFERROR(", "&INDEX($A$2:$A$501,MATCH($I68&S$1,$F$2:$F$501,0)),"") | T68: =IFERROR(", "&INDEX($A$2:$A$501,MATCH($I68&T$1,$F$2:$F$501,0)),"") | U68: =IFERROR(", "&INDEX($A$2:$A$501,MATCH($I68&U$1,$F$2:$F$501,0)),"") | V68: =IFERROR(", "&INDEX($A$2:$A$501,MATCH($I68&V$1,$F$2:$F$501,0)),"") | Z68: =IFERROR(INDEX($B$2:$B$501,MATCH($I68&Z$1,$F$2:$F$501,0)),"") -> MARCOS VINICIUS pg | AA68: =IFERROR(" ,"&INDEX($B$2:$B$501,MATCH($I68&AA$1,$F$2:$F$501,0)),"") | AB68: =IFERROR(" ,"&INDEX($B$2:$B$501,MATCH($I68&AB$1,$F$2:$F$501,0)),"") | AC68: =IFERROR(" ,"&INDEX($B$2:$B$501,MATCH($I68&AC$1,$F$2:$F$501,0)),"") | AD68: =IFERROR(" ,"&INDEX($B$2:$B$501,MATCH($I68&AD$1,$F$2:$F$501,0)),"") | AE68: =IFERROR(" ,"&INDEX($B$2:$B$501,MATCH($I68&AE$1,$F$2:$F$501,0)),"") | AF68: =IFERROR(" ,"&INDEX($B$2:$B$501,MATCH($I68&AF$1,$F$2:$F$501,0)),"") | AV68: 67 | AW68: ROGERIO PLUMBER | BM68: 67 | BN68: ROGERIO PLUMBER | BO68: =VLOOKUP(BM68,A:B,2,0) -> ROGERIO PLUMBER | BP68: =BO68=BN68 -> TRUE
A69: 68 | B69: DANILO AMARAL | C69: 6178661781 | D69: ok | E69: =COUNTIF($C$1:C69,C69) -> 2 | F69: =C69&E69 -> 61786617812 | G69: =IF(IFERROR(FIND("pg",LOWER(B69)),0)=0,0,1) -> 0 | H69: =IF(IFERROR(FIND("(f)",LOWER(B69)),0)=0,0,1) -> 0 | I69: 2035456330 | J69: =COUNTIF(C:C,I69) -> 4 | K69: =COUNTIFS(C:C,I69,G:G,1)+COUNTIFS(C:C,I69,H:H,1) -> 0 | L69: =CONCATENATE(P69,Q69,R69,S69,T69,U69,V69,) -> 113, 118, 131, 144 | M69: =CONCATENATE(Z69,AA69,AB69,AC69,AD69,AE69,AF69) -> RONIVON ,RONIVON ,RONIVON ,RONIVON | N69: =J69-K69 -> 4 | P69: =IFERROR(INDEX($A$2:$A$501,MATCH($I69&P$1,$F$2:$F$501,0)),"") -> 113 | Q69: =IFERROR(", "&INDEX($A$2:$A$501,MATCH($I69&Q$1,$F$2:$F$501,0)),"") -> , 118 | R69: =IFERROR(", "&INDEX($A$2:$A$501,MATCH($I69&R$1,$F$2:$F$501,0)),"") -> , 131 | S69: =IFERROR(", "&INDEX($A$2:$A$501,MATCH($I69&S$1,$F$2:$F$501,0)),"") -> , 144 | T69: =IFERROR(", "&INDEX($A$2:$A$501,MATCH($I69&T$1,$F$2:$F$501,0)),"") | U69: =IFERROR(", "&INDEX($A$2:$A$501,MATCH($I69&U$1,$F$2:$F$501,0)),"") | V69: =IFERROR(", "&INDEX($A$2:$A$501,MATCH($I69&V$1,$F$2:$F$501,0)),"") | Z69: =IFERROR(INDEX($B$2:$B$501,MATCH($I69&Z$1,$F$2:$F$501,0)),"") -> RONIVON | AA69: =IFERROR(" ,"&INDEX($B$2:$B$501,MATCH($I69&AA$1,$F$2:$F$501,0)),"") -> ,RONIVON | AB69: =IFERROR(" ,"&INDEX($B$2:$B$501,MATCH($I69&AB$1,$F$2:$F$501,0)),"") -> ,RONIVON | AC69: =IFERROR(" ,"&INDEX($B$2:$B$501,MATCH($I69&AC$1,$F$2:$F$501,0)),"") -> ,RONIVON | AD69: =IFERROR(" ,"&INDEX($B$2:$B$501,MATCH($I69&AD$1,$F$2:$F$501,0)),"") | AE69: =IFERROR(" ,"&INDEX($B$2:$B$501,MATCH($I69&AE$1,$F$2:$F$501,0)),"") | AF69: =IFERROR(" ,"&INDEX($B$2:$B$501,MATCH($I69&AF$1,$F$2:$F$501,0)),"") | AV69: 68 | AW69: DANILO AMARAL | BM69: 68 | BN69: DANILO AMARAL | BO69: =VLOOKUP(BM69,A:B,2,0) -> DANILO AMARAL | BP69: =BO69=BN69 -> TRUE
A70: 69 | E70: =COUNTIF($C$1:C70,C70) -> 0 | F70: =C70&E70 -> 0 | G70: =IF(IFERROR(FIND("pg",LOWER(B70)),0)=0,0,1) -> 0 | H70: =IF(IFERROR(FIND("(f)",LOWER(B70)),0)=0,0,1) -> 0 | I70: 4752142518 | J70: =COUNTIF(C:C,I70) -> 1 | K70: =COUNTIFS(C:C,I70,G:G,1)+COUNTIFS(C:C,I70,H:H,1) -> 0 | L70: =CONCATENATE(P70,Q70,R70,S70,T70,U70,V70,) -> 114 | M70: =CONCATENATE(Z70,AA70,AB70,AC70,AD70,AE70,AF70) -> Jonata | N70: =J70-K70 -> 1 | P70: =IFERROR(INDEX($A$2:$A$501,MATCH($I70&P$1,$F$2:$F$501,0)),"") -> 114 | Q70: =IFERROR(", "&INDEX($A$2:$A$501,MATCH($I70&Q$1,$F$2:$F$501,0)),"") | R70: =IFERROR(", "&INDEX($A$2:$A$501,MATCH($I70&R$1,$F$2:$F$501,0)),"") | S70: =IFERROR(", "&INDEX($A$2:$A$501,MATCH($I70&S$1,$F$2:$F$501,0)),"") | T70: =IFERROR(", "&INDEX($A$2:$A$501,MATCH($I70&T$1,$F$2:$F$501,0)),"") | U70: =IFERROR(", "&INDEX($A$2:$A$501,MATCH($I70&U$1,$F$2:$F$501,0)),"") | V70: =IFERROR(", "&INDEX($A$2:$A$501,MATCH($I70&V$1,$F$2:$F$501,0)),"") | Z70: =IFERROR(INDEX($B$2:$B$501,MATCH($I70&Z$1,$F$2:$F$501,0)),"") -> Jonata | AA70: =IFERROR(" ,"&INDEX($B$2:$B$501,MATCH($I70&AA$1,$F$2:$F$501,0)),"") | AB70: =IFERROR(" ,"&INDEX($B$2:$B$501,MATCH($I70&AB$1,$F$2:$F$501,0)),"") | AC70: =IFERROR(" ,"&INDEX($B$2:$B$501,MATCH($I70&AC$1,$F$2:$F$501,0)),"") | AD70: =IFERROR(" ,"&INDEX($B$2:$B$501,MATCH($I70&AD$1,$F$2:$F$501,0)),"") | AE70: =IFERROR(" ,"&INDEX($B$2:$B$501,MATCH($I70&AE$1,$F$2:$F$501,0)),"") | AF70: =IFERROR(" ,"&INDEX($B$2:$B$501,MATCH($I70&AF$1,$F$2:$F$501,0)),"") | AV70: 69 | AW70: LUCIANO | BM70: 69 | BN70: LUCIANO | BO70: =VLOOKUP(BM70,A:B,2,0) -> 0 | BP70: =BO70=BN70 -> FALSE
A71: 70 | B71: CESAR BARROS | D71: não loc | E71: =COUNTIF($C$1:C71,C71) -> 0 | F71: =C71&E71 -> 0 | G71: =IF(IFERROR(FIND("pg",LOWER(B71)),0)=0,0,1) -> 0 | H71: =IF(IFERROR(FIND("(f)",LOWER(B71)),0)=0,0,1) -> 0 | I71: 2034029369 | J71: =COUNTIF(C:C,I71) -> 1 | K71: =COUNTIFS(C:C,I71,G:G,1)+COUNTIFS(C:C,I71,H:H,1) -> 1 | L71: =CONCATENATE(P71,Q71,R71,S71,T71,U71,V71,) -> 117 | M71: =CONCATENATE(Z71,AA71,AB71,AC71,AD71,AE71,AF71) -> Paulo pg | N71: =J71-K71 -> 0 | P71: =IFERROR(INDEX($A$2:$A$501,MATCH($I71&P$1,$F$2:$F$501,0)),"") -> 117 | Q71: =IFERROR(", "&INDEX($A$2:$A$501,MATCH($I71&Q$1,$F$2:$F$501,0)),"") | R71: =IFERROR(", "&INDEX($A$2:$A$501,MATCH($I71&R$1,$F$2:$F$501,0)),"") | S71: =IFERROR(", "&INDEX($A$2:$A$501,MATCH($I71&S$1,$F$2:$F$501,0)),"") | T71: =IFERROR(", "&INDEX($A$2:$A$501,MATCH($I71&T$1,$F$2:$F$501,0)),"") | U71: =IFERROR(", "&INDEX($A$2:$A$501,MATCH($I71&U$1,$F$2:$F$501,0)),"") | V71: =IFERROR(", "&INDEX($A$2:$A$501,MATCH($I71&V$1,$F$2:$F$501,0)),"") | Z71: =IFERROR(INDEX($B$2:$B$501,MATCH($I71&Z$1,$F$2:$F$501,0)),"") -> Paulo pg | AA71: =IFERROR(" ,"&INDEX($B$2:$B$501,MATCH($I71&AA$1,$F$2:$F$501,0)),"") | AB71: =IFERROR(" ,"&INDEX($B$2:$B$501,MATCH($I71&AB$1,$F$2:$F$501,0)),"") | AC71: =IFERROR(" ,"&INDEX($B$2:$B$501,MATCH($I71&AC$1,$F$2:$F$501,0)),"") | AD71: =IFERROR(" ,"&INDEX($B$2:$B$501,MATCH($I71&AD$1,$F$2:$F$501,0)),"") | AE71: =IFERROR(" ,"&INDEX($B$2:$B$501,MATCH($I71&AE$1,$F$2:$F$501,0)),"") | AF71: =IFERROR(" ,"&INDEX($B$2:$B$501,MATCH($I71&AF$1,$F$2:$F$501,0)),"") | AV71: 70 | AW71: CESAR BARROS | BM71: 70 | BN71: CESAR BARROS | BO71: =VLOOKUP(BM71,A:B,2,0) -> CESAR BARROS | BP71: =BO71=BN71 -> TRUE
A72: 71 | B72: HENRIQUE | D72: não loc | E72: =COUNTIF($C$1:C72,C72) -> 0 | F72: =C72&E72 -> 0 | G72: =IF(IFERROR(FIND("pg",LOWER(B72)),0)=0,0,1) -> 0 | H72: =IF(IFERROR(FIND("(f)",LOWER(B72)),0)=0,0,1) -> 0 | I72: 2035218381 | J72: =COUNTIF(C:C,I72) -> 4 | K72: =COUNTIFS(C:C,I72,G:G,1)+COUNTIFS(C:C,I72,H:H,1) -> 4 | L72: =CONCATENATE(P72,Q72,R72,S72,T72,U72,V72,) -> 122, 177, 178, 279 | M72: =CONCATENATE(Z72,AA72,AB72,AC72,AD72,AE72,AF72) -> Gilmar Schmidt pg ,Gilmar Schmidt pg ,Gilmar Schmidt pg ,Gilmar Schmidt (f) | N72: =J72-K72 -> 0 | P72: =IFERROR(INDEX($A$2:$A$501,MATCH($I72&P$1,$F$2:$F$501,0)),"") -> 122 | Q72: =IFERROR(", "&INDEX($A$2:$A$501,MATCH($I72&Q$1,$F$2:$F$501,0)),"") -> , 177 | R72: =IFERROR(", "&INDEX($A$2:$A$501,MATCH($I72&R$1,$F$2:$F$501,0)),"") -> , 178 | S72: =IFERROR(", "&INDEX($A$2:$A$501,MATCH($I72&S$1,$F$2:$F$501,0)),"") -> , 279 | T72: =IFERROR(", "&INDEX($A$2:$A$501,MATCH($I72&T$1,$F$2:$F$501,0)),"") | U72: =IFERROR(", "&INDEX($A$2:$A$501,MATCH($I72&U$1,$F$2:$F$501,0)),"") | V72: =IFERROR(", "&INDEX($A$2:$A$501,MATCH($I72&V$1,$F$2:$F$501,0)),"") | Z72: =IFERROR(INDEX($B$2:$B$501,MATCH($I72&Z$1,$F$2:$F$501,0)),"") -> Gilmar Schmidt pg | AA72: =IFERROR(" ,"&INDEX($B$2:$B$501,MATCH($I72&AA$1,$F$2:$F$501,0)),"") -> ,Gilmar Schmidt pg | AB72: =IFERROR(" ,"&INDEX($B$2:$B$501,MATCH($I72&AB$1,$F$2:$F$501,0)),"") -> ,Gilmar Schmidt pg | AC72: =IFERROR(" ,"&INDEX($B$2:$B$501,MATCH($I72&AC$1,$F$2:$F$501,0)),"") -> ,Gilmar Schmidt (f) | AD72: =IFERROR(" ,"&INDEX($B$2:$B$501,MATCH($I72&AD$1,$F$2:$F$501,0)),"") | AE72: =IFERROR(" ,"&INDEX($B$2:$B$501,MATCH($I72&AE$1,$F$2:$F$501,0)),"") | AF72: =IFERROR(" ,"&INDEX($B$2:$B$501,MATCH($I72&AF$1,$F$2:$F$501,0)),"") | AV72: 71 | AW72: HENRIQUE | BM72: 71 | BN72: HENRIQUE | BO72: =VLOOKUP(BM72,A:B,2,0) -> HENRIQUE | BP72: =BO72=BN72 -> TRUE
A73: 72 | B73: FRANKLYN | C73: 2039817839 | D73: ok | E73: =COUNTIF($C$1:C73,C73) -> 5 | F73: =C73&E73 -> 20398178395 | G73: =IF(IFERROR(FIND("pg",LOWER(B73)),0)=0,0,1) -> 0 | H73: =IF(IFERROR(FIND("(f)",LOWER(B73)),0)=0,0,1) -> 0 | I73: 9144979492 | J73: =COUNTIF(C:C,I73) -> 1 | K73: =COUNTIFS(C:C,I73,G:G,1)+COUNTIFS(C:C,I73,H:H,1) -> 0 | L73: =CONCATENATE(P73,Q73,R73,S73,T73,U73,V73,) -> 123 | M73: =CONCATENATE(Z73,AA73,AB73,AC73,AD73,AE73,AF73) -> FABIANE | N73: =J73-K73 -> 1 | P73: =IFERROR(INDEX($A$2:$A$501,MATCH($I73&P$1,$F$2:$F$501,0)),"") -> 123 | Q73: =IFERROR(", "&INDEX($A$2:$A$501,MATCH($I73&Q$1,$F$2:$F$501,0)),"") | R73: =IFERROR(", "&INDEX($A$2:$A$501,MATCH($I73&R$1,$F$2:$F$501,0)),"") | S73: =IFERROR(", "&INDEX($A$2:$A$501,MATCH($I73&S$1,$F$2:$F$501,0)),"") | T73: =IFERROR(", "&INDEX($A$2:$A$501,MATCH($I73&T$1,$F$2:$F$501,0)),"") | U73: =IFERROR(", "&INDEX($A$2:$A$501,MATCH($I73&U$1,$F$2:$F$501,0)),"") | V73: =IFERROR(", "&INDEX($A$2:$A$501,MATCH($I73&V$1,$F$2:$F$501,0)),"") | Z73: =IFERROR(INDEX($B$2:$B$501,MATCH($I73&Z$1,$F$2:$F$501,0)),"") -> FABIANE | AA73: =IFERROR(" ,"&INDEX($B$2:$B$501,MATCH($I73&AA$1,$F$2:$F$501,0)),"") | AB73: =IFERROR(" ,"&INDEX($B$2:$B$501,MATCH($I73&AB$1,$F$2:$F$501,0)),"") | AC73: =IFERROR(" ,"&INDEX($B$2:$B$501,MATCH($I73&AC$1,$F$2:$F$501,0)),"") | AD73: =IFERROR(" ,"&INDEX($B$2:$B$501,MATCH($I73&AD$1,$F$2:$F$501,0)),"") | AE73: =IFERROR(" ,"&INDEX($B$2:$B$501,MATCH($I73&AE$1,$F$2:$F$501,0)),"") | AF73: =IFERROR(" ,"&INDEX($B$2:$B$501,MATCH($I73&AF$1,$F$2:$F$501,0)),"") | AV73: 72 | AW73: FRANKLYN | BM73: 72 | BN73: FRANKLYN | BO73: =VLOOKUP(BM73,A:B,2,0) -> FRANKLYN | BP73: =BO73=BN73 -> TRUE
A74: 73 | B74: ANDERSON JEFERSON | C74: 9144003667 | D74: ok | E74: =COUNTIF($C$1:C74,C74) -> 1 | F74: =C74&E74 -> 91440036671 | G74: =IF(IFERROR(FIND("pg",LOWER(B74)),0)=0,0,1) -> 0 | H74: =IF(IFERROR(FIND("(f)",LOWER(B74)),0)=0,0,1) -> 0 | I74: 9149060181 | J74: =COUNTIF(C:C,I74) -> 1 | K74: =COUNTIFS(C:C,I74,G:G,1)+COUNTIFS(C:C,I74,H:H,1) -> 1 | L74: =CONCATENATE(P74,Q74,R74,S74,T74,U74,V74,) -> 125 | M74: =CONCATENATE(Z74,AA74,AB74,AC74,AD74,AE74,AF74) -> MARCELO ZANETTI pg | N74: =J74-K74 -> 0 | P74: =IFERROR(INDEX($A$2:$A$501,MATCH($I74&P$1,$F$2:$F$501,0)),"") -> 125 | Q74: =IFERROR(", "&INDEX($A$2:$A$501,MATCH($I74&Q$1,$F$2:$F$501,0)),"") | R74: =IFERROR(", "&INDEX($A$2:$A$501,MATCH($I74&R$1,$F$2:$F$501,0)),"") | S74: =IFERROR(", "&INDEX($A$2:$A$501,MATCH($I74&S$1,$F$2:$F$501,0)),"") | T74: =IFERROR(", "&INDEX($A$2:$A$501,MATCH($I74&T$1,$F$2:$F$501,0)),"") | U74: =IFERROR(", "&INDEX($A$2:$A$501,MATCH($I74&U$1,$F$2:$F$501,0)),"") | V74: =IFERROR(", "&INDEX($A$2:$A$501,MATCH($I74&V$1,$F$2:$F$501,0)),"") | Z74: =IFERROR(INDEX($B$2:$B$501,MATCH($I74&Z$1,$F$2:$F$501,0)),"") -> MARCELO ZANETTI pg | AA74: =IFERROR(" ,"&INDEX($B$2:$B$501,MATCH($I74&AA$1,$F$2:$F$501,0)),"") | AB74: =IFERROR(" ,"&INDEX($B$2:$B$501,MATCH($I74&AB$1,$F$2:$F$501,0)),"") | AC74: =IFERROR(" ,"&INDEX($B$2:$B$501,MATCH($I74&AC$1,$F$2:$F$501,0)),"") | AD74: =IFERROR(" ,"&INDEX($B$2:$B$501,MATCH($I74&AD$1,$F$2:$F$501,0)),"") | AE74: =IFERROR(" ,"&INDEX($B$2:$B$501,MATCH($I74&AE$1,$F$2:$F$501,0)),"") | AF74: =IFERROR(" ,"&INDEX($B$2:$B$501,MATCH($I74&AF$1,$F$2:$F$501,0)),"") | AV74: 73 | AW74: ANDERSON JEFERSON | BM74: 73 | BN74: ANDERSON JEFERSON | BO74: =VLOOKUP(BM74,A:B,2,0) -> ANDERSON JEFERSON | BP74: =BO74=BN74 -> TRUE
A75: 74 | B75: FRANKLY | C75: 2039817839 | D75: ok | E75: =COUNTIF($C$1:C75,C75) -> 6 | F75: =C75&E75 -> 20398178396 | G75: =IF(IFERROR(FIND("pg",LOWER(B75)),0)=0,0,1) -> 0 | H75: =IF(IFERROR(FIND("(f)",LOWER(B75)),0)=0,0,1) -> 0 | I75: 2039123543 | J75: =COUNTIF(C:C,I75) -> 3 | K75: =COUNTIFS(C:C,I75,G:G,1)+COUNTIFS(C:C,I75,H:H,1) -> 0 | L75: =CONCATENATE(P75,Q75,R75,S75,T75,U75,V75,) -> 127, 304, 361 | M75: =CONCATENATE(Z75,AA75,AB75,AC75,AD75,AE75,AF75) -> MARIO ,Mário Paiva ,Mário Paiva | N75: =J75-K75 -> 3 | P75: =IFERROR(INDEX($A$2:$A$501,MATCH($I75&P$1,$F$2:$F$501,0)),"") -> 127 | Q75: =IFERROR(", "&INDEX($A$2:$A$501,MATCH($I75&Q$1,$F$2:$F$501,0)),"") -> , 304 | R75: =IFERROR(", "&INDEX($A$2:$A$501,MATCH($I75&R$1,$F$2:$F$501,0)),"") -> , 361 | S75: =IFERROR(", "&INDEX($A$2:$A$501,MATCH($I75&S$1,$F$2:$F$501,0)),"") | T75: =IFERROR(", "&INDEX($A$2:$A$501,MATCH($I75&T$1,$F$2:$F$501,0)),"") | U75: =IFERROR(", "&INDEX($A$2:$A$501,MATCH($I75&U$1,$F$2:$F$501,0)),"") | V75: =IFERROR(", "&INDEX($A$2:$A$501,MATCH($I75&V$1,$F$2:$F$501,0)),"") | Z75: =IFERROR(INDEX($B$2:$B$501,MATCH($I75&Z$1,$F$2:$F$501,0)),"") -> MARIO | AA75: =IFERROR(" ,"&INDEX($B$2:$B$501,MATCH($I75&AA$1,$F$2:$F$501,0)),"") -> ,Mário Paiva | AB75: =IFERROR(" ,"&INDEX($B$2:$B$501,MATCH($I75&AB$1,$F$2:$F$501,0)),"") -> ,Mário Paiva | AC75: =IFERROR(" ,"&INDEX($B$2:$B$501,MATCH($I75&AC$1,$F$2:$F$501,0)),"") | AD75: =IFERROR(" ,"&INDEX($B$2:$B$501,MATCH($I75&AD$1,$F$2:$F$501,0)),"") | AE75: =IFERROR(" ,"&INDEX($B$2:$B$501,MATCH($I75&AE$1,$F$2:$F$501,0)),"") | AF75: =IFERROR(" ,"&INDEX($B$2:$B$501,MATCH($I75&AF$1,$F$2:$F$501,0)),"") | AV75: 74 | AW75: FRANKLY | BM75: 74 | BN75: FRANKLY | BO75: =VLOOKUP(BM75,A:B,2,0) -> FRANKLY | BP75: =BO75=BN75 -> TRUE
A76: 75 | B76: CIRIS FERREIRA | C76: 2036006922 | D76: ok | E76: =COUNTIF($C$1:C76,C76) -> 1 | F76: =C76&E76 -> 20360069221 | G76: =IF(IFERROR(FIND("pg",LOWER(B76)),0)=0,0,1) -> 0 | H76: =IF(IFERROR(FIND("(f)",LOWER(B76)),0)=0,0,1) -> 0 | I76: 9145650041 | J76: =COUNTIF(C:C,I76) -> 5 | K76: =COUNTIFS(C:C,I76,G:G,1)+COUNTIFS(C:C,I76,H:H,1) -> 2 | L76: =CONCATENATE(P76,Q76,R76,S76,T76,U76,V76,) -> 77, 129, 283, 363, 383 | M76: =CONCATENATE(Z76,AA76,AB76,AC76,AD76,AE76,AF76) -> ANDERSON ,HERNANE ,HERNANE ,HERNANE pg ,HERNANE pg | N76: =J76-K76 -> 3 | P76: =IFERROR(INDEX($A$2:$A$501,MATCH($I76&P$1,$F$2:$F$501,0)),"") -> 77 | Q76: =IFERROR(", "&INDEX($A$2:$A$501,MATCH($I76&Q$1,$F$2:$F$501,0)),"") -> , 129 | R76: =IFERROR(", "&INDEX($A$2:$A$501,MATCH($I76&R$1,$F$2:$F$501,0)),"") -> , 283 | S76: =IFERROR(", "&INDEX($A$2:$A$501,MATCH($I76&S$1,$F$2:$F$501,0)),"") -> , 363 | T76: =IFERROR(", "&INDEX($A$2:$A$501,MATCH($I76&T$1,$F$2:$F$501,0)),"") -> , 383 | U76: =IFERROR(", "&INDEX($A$2:$A$501,MATCH($I76&U$1,$F$2:$F$501,0)),"") | V76: =IFERROR(", "&INDEX($A$2:$A$501,MATCH($I76&V$1,$F$2:$F$501,0)),"") | Z76: =IFERROR(INDEX($B$2:$B$501,MATCH($I76&Z$1,$F$2:$F$501,0)),"") -> ANDERSON | AA76: =IFERROR(" ,"&INDEX($B$2:$B$501,MATCH($I76&AA$1,$F$2:$F$501,0)),"") -> ,HERNANE | AB76: =IFERROR(" ,"&INDEX($B$2:$B$501,MATCH($I76&AB$1,$F$2:$F$501,0)),"") -> ,HERNANE | AC76: =IFERROR(" ,"&INDEX($B$2:$B$501,MATCH($I76&AC$1,$F$2:$F$501,0)),"") -> ,HERNANE pg | AD76: =IFERROR(" ,"&INDEX($B$2:$B$501,MATCH($I76&AD$1,$F$2:$F$501,0)),"") -> ,HERNANE pg | AE76: =IFERROR(" ,"&INDEX($B$2:$B$501,MATCH($I76&AE$1,$F$2:$F$501,0)),"") | AF76: =IFERROR(" ,"&INDEX($B$2:$B$501,MATCH($I76&AF$1,$F$2:$F$501,0)),"") | AV76: 75 | AW76: CIRIS FERREIRA | BM76: 75 | BN76: CIRIS FERREIRA | BO76: =VLOOKUP(BM76,A:B,2,0) -> CIRIS FERREIRA | BP76: =BO76=BN76 -> TRUE
A77: 76 | B77: FRANCISCO SOUZA | C77: 2035719888 | D77: ok | E77: =COUNTIF($C$1:C77,C77) -> 1 | F77: =C77&E77 -> 20357198881 | G77: =IF(IFERROR(FIND("pg",LOWER(B77)),0)=0,0,1) -> 0 | H77: =IF(IFERROR(FIND("(f)",LOWER(B77)),0)=0,0,1) -> 0 | I77: 4752368737 | J77: =COUNTIF(C:C,I77) -> 3 | K77: =COUNTIFS(C:C,I77,G:G,1)+COUNTIFS(C:C,I77,H:H,1) -> 1 | L77: =CONCATENATE(P77,Q77,R77,S77,T77,U77,V77,) -> 130, 145, 421 | M77: =CONCATENATE(Z77,AA77,AB77,AC77,AD77,AE77,AF77) -> Felipe Pimentel ,Felipe Pimentel (f) ,Felipe Pimentel | N77: =J77-K77 -> 2 | P77: =IFERROR(INDEX($A$2:$A$501,MATCH($I77&P$1,$F$2:$F$501,0)),"") -> 130 | Q77: =IFERROR(", "&INDEX($A$2:$A$501,MATCH($I77&Q$1,$F$2:$F$501,0)),"") -> , 145 | R77: =IFERROR(", "&INDEX($A$2:$A$501,MATCH($I77&R$1,$F$2:$F$501,0)),"") -> , 421 | S77: =IFERROR(", "&INDEX($A$2:$A$501,MATCH($I77&S$1,$F$2:$F$501,0)),"") | T77: =IFERROR(", "&INDEX($A$2:$A$501,MATCH($I77&T$1,$F$2:$F$501,0)),"") | U77: =IFERROR(", "&INDEX($A$2:$A$501,MATCH($I77&U$1,$F$2:$F$501,0)),"") | V77: =IFERROR(", "&INDEX($A$2:$A$501,MATCH($I77&V$1,$F$2:$F$501,0)),"") | Z77: =IFERROR(INDEX($B$2:$B$501,MATCH($I77&Z$1,$F$2:$F$501,0)),"") -> Felipe Pimentel | AA77: =IFERROR(" ,"&INDEX($B$2:$B$501,MATCH($I77&AA$1,$F$2:$F$501,0)),"") -> ,Felipe Pimentel (f) | AB77: =IFERROR(" ,"&INDEX($B$2:$B$501,MATCH($I77&AB$1,$F$2:$F$501,0)),"") -> ,Felipe Pimentel | AC77: =IFERROR(" ,"&INDEX($B$2:$B$501,MATCH($I77&AC$1,$F$2:$F$501,0)),"") | AD77: =IFERROR(" ,"&INDEX($B$2:$B$501,MATCH($I77&AD$1,$F$2:$F$501,0)),"") | AE77: =IFERROR(" ,"&INDEX($B$2:$B$501,MATCH($I77&AE$1,$F$2:$F$501,0)),"") | AF77: =IFERROR(" ,"&INDEX($B$2:$B$501,MATCH($I77&AF$1,$F$2:$F$501,0)),"") | AV77: 76 | AW77: FRANCISCO SOUZA | BM77: 76 | BN77: FRANCISCO SOUZA | BO77: =VLOOKUP(BM77,A:B,2,0) -> FRANCISCO SOUZA | BP77: =BO77=BN77 -> TRUE
A78: 77 | B78: ANDERSON | C78: 9145650041 | D78: Telefone do hernane em 9/10/25 | E78: =COUNTIF($C$1:C78,C78) -> 1 | F78: =C78&E78 -> 91456500411 | G78: =IF(IFERROR(FIND("pg",LOWER(B78)),0)=0,0,1) -> 0 | H78: =IF(IFERROR(FIND("(f)",LOWER(B78)),0)=0,0,1) -> 0 | I78: 2032472211 | J78: =COUNTIF(C:C,I78) -> 2 | K78: =COUNTIFS(C:C,I78,G:G,1)+COUNTIFS(C:C,I78,H:H,1) -> 0 | L78: =CONCATENATE(P78,Q78,R78,S78,T78,U78,V78,) -> 132, 224 | M78: =CONCATENATE(Z78,AA78,AB78,AC78,AD78,AE78,AF78) -> BRYAN ARAUJO ,BRYAN ARAUJO | N78: =J78-K78 -> 2 | P78: =IFERROR(INDEX($A$2:$A$501,MATCH($I78&P$1,$F$2:$F$501,0)),"") -> 132 | Q78: =IFERROR(", "&INDEX($A$2:$A$501,MATCH($I78&Q$1,$F$2:$F$501,0)),"") -> , 224 | R78: =IFERROR(", "&INDEX($A$2:$A$501,MATCH($I78&R$1,$F$2:$F$501,0)),"") | S78: =IFERROR(", "&INDEX($A$2:$A$501,MATCH($I78&S$1,$F$2:$F$501,0)),"") | T78: =IFERROR(", "&INDEX($A$2:$A$501,MATCH($I78&T$1,$F$2:$F$501,0)),"") | U78: =IFERROR(", "&INDEX($A$2:$A$501,MATCH($I78&U$1,$F$2:$F$501,0)),"") | V78: =IFERROR(", "&INDEX($A$2:$A$501,MATCH($I78&V$1,$F$2:$F$501,0)),"") | Z78: =IFERROR(INDEX($B$2:$B$501,MATCH($I78&Z$1,$F$2:$F$501,0)),"") -> BRYAN ARAUJO | AA78: =IFERROR(" ,"&INDEX($B$2:$B$501,MATCH($I78&AA$1,$F$2:$F$501,0)),"") -> ,BRYAN ARAUJO | AB78: =IFERROR(" ,"&INDEX($B$2:$B$501,MATCH($I78&AB$1,$F$2:$F$501,0)),"") | AC78: =IFERROR(" ,"&INDEX($B$2:$B$501,MATCH($I78&AC$1,$F$2:$F$501,0)),"") | AD78: =IFERROR(" ,"&INDEX($B$2:$B$501,MATCH($I78&AD$1,$F$2:$F$501,0)),"") | AE78: =IFERROR(" ,"&INDEX($B$2:$B$501,MATCH($I78&AE$1,$F$2:$F$501,0)),"") | AF78: =IFERROR(" ,"&INDEX($B$2:$B$501,MATCH($I78&AF$1,$F$2:$F$501,0)),"") | AV78: 77 | AW78: ANDERSON | BM78: 77 | BN78: ANDERSON | BO78: =VLOOKUP(BM78,A:B,2,0) -> ANDERSON | BP78: =BO78=BN78 -> TRUE
A79: 78 | B79: Rodrigo / Polly pg | C79: 2039819598 | D79: ok | E79: =COUNTIF($C$1:C79,C79) -> 1 | F79: =C79&E79 -> 20398195981 | G79: =IF(IFERROR(FIND("pg",LOWER(B79)),0)=0,0,1) -> 1 | H79: =IF(IFERROR(FIND("(f)",LOWER(B79)),0)=0,0,1) -> 0 | I79: 9146093241 | J79: =COUNTIF(C:C,I79) -> 1 | K79: =COUNTIFS(C:C,I79,G:G,1)+COUNTIFS(C:C,I79,H:H,1) -> 1 | L79: =CONCATENATE(P79,Q79,R79,S79,T79,U79,V79,) -> 133 | M79: =CONCATENATE(Z79,AA79,AB79,AC79,AD79,AE79,AF79) -> RODRIGO Gonçalves pg | N79: =J79-K79 -> 0 | P79: =IFERROR(INDEX($A$2:$A$501,MATCH($I79&P$1,$F$2:$F$501,0)),"") -> 133 | Q79: =IFERROR(", "&INDEX($A$2:$A$501,MATCH($I79&Q$1,$F$2:$F$501,0)),"") | R79: =IFERROR(", "&INDEX($A$2:$A$501,MATCH($I79&R$1,$F$2:$F$501,0)),"") | S79: =IFERROR(", "&INDEX($A$2:$A$501,MATCH($I79&S$1,$F$2:$F$501,0)),"") | T79: =IFERROR(", "&INDEX($A$2:$A$501,MATCH($I79&T$1,$F$2:$F$501,0)),"") | U79: =IFERROR(", "&INDEX($A$2:$A$501,MATCH($I79&U$1,$F$2:$F$501,0)),"") | V79: =IFERROR(", "&INDEX($A$2:$A$501,MATCH($I79&V$1,$F$2:$F$501,0)),"") | Z79: =IFERROR(INDEX($B$2:$B$501,MATCH($I79&Z$1,$F$2:$F$501,0)),"") -> RODRIGO Gonçalves pg | AA79: =IFERROR(" ,"&INDEX($B$2:$B$501,MATCH($I79&AA$1,$F$2:$F$501,0)),"") | AB79: =IFERROR(" ,"&INDEX($B$2:$B$501,MATCH($I79&AB$1,$F$2:$F$501,0)),"") | AC79: =IFERROR(" ,"&INDEX($B$2:$B$501,MATCH($I79&AC$1,$F$2:$F$501,0)),"") | AD79: =IFERROR(" ,"&INDEX($B$2:$B$501,MATCH($I79&AD$1,$F$2:$F$501,0)),"") | AE79: =IFERROR(" ,"&INDEX($B$2:$B$501,MATCH($I79&AE$1,$F$2:$F$501,0)),"") | AF79: =IFERROR(" ,"&INDEX($B$2:$B$501,MATCH($I79&AF$1,$F$2:$F$501,0)),"") | AV79: 78 | AW79: Rodrigo / Polly pg | BM79: 78 | BN79: Rodrigo / Polly pg | BO79: =VLOOKUP(BM79,A:B,2,0) -> Rodrigo / Polly pg | BP79: =BO79=BN79 -> TRUE
A80: 79 | B80: LUIS SERGIO | C80: 5615309805 | D80: ok | E80: =COUNTIF($C$1:C80,C80) -> 1 | F80: =C80&E80 -> 56153098051 | G80: =IF(IFERROR(FIND("pg",LOWER(B80)),0)=0,0,1) -> 0 | H80: =IF(IFERROR(FIND("(f)",LOWER(B80)),0)=0,0,1) -> 0 | I80: 2038647378 | J80: =COUNTIF(C:C,I80) -> 1 | K80: =COUNTIFS(C:C,I80,G:G,1)+COUNTIFS(C:C,I80,H:H,1) -> 0 | L80: =CONCATENATE(P80,Q80,R80,S80,T80,U80,V80,) -> 135 | M80: =CONCATENATE(Z80,AA80,AB80,AC80,AD80,AE80,AF80) -> MARCOS SILVA | N80: =J80-K80 -> 1 | P80: =IFERROR(INDEX($A$2:$A$501,MATCH($I80&P$1,$F$2:$F$501,0)),"") -> 135 | Q80: =IFERROR(", "&INDEX($A$2:$A$501,MATCH($I80&Q$1,$F$2:$F$501,0)),"") | R80: =IFERROR(", "&INDEX($A$2:$A$501,MATCH($I80&R$1,$F$2:$F$501,0)),"") | S80: =IFERROR(", "&INDEX($A$2:$A$501,MATCH($I80&S$1,$F$2:$F$501,0)),"") | T80: =IFERROR(", "&INDEX($A$2:$A$501,MATCH($I80&T$1,$F$2:$F$501,0)),"") | U80: =IFERROR(", "&INDEX($A$2:$A$501,MATCH($I80&U$1,$F$2:$F$501,0)),"") | V80: =IFERROR(", "&INDEX($A$2:$A$501,MATCH($I80&V$1,$F$2:$F$501,0)),"") | Z80: =IFERROR(INDEX($B$2:$B$501,MATCH($I80&Z$1,$F$2:$F$501,0)),"") -> MARCOS SILVA | AA80: =IFERROR(" ,"&INDEX($B$2:$B$501,MATCH($I80&AA$1,$F$2:$F$501,0)),"") | AB80: =IFERROR(" ,"&INDEX($B$2:$B$501,MATCH($I80&AB$1,$F$2:$F$501,0)),"") | AC80: =IFERROR(" ,"&INDEX($B$2:$B$501,MATCH($I80&AC$1,$F$2:$F$501,0)),"") | AD80: =IFERROR(" ,"&INDEX($B$2:$B$501,MATCH($I80&AD$1,$F$2:$F$501,0)),"") | AE80: =IFERROR(" ,"&INDEX($B$2:$B$501,MATCH($I80&AE$1,$F$2:$F$501,0)),"") | AF80: =IFERROR(" ,"&INDEX($B$2:$B$501,MATCH($I80&AF$1,$F$2:$F$501,0)),"") | AV80: 79 | AW80: LUIS SERGIO | BM80: 79 | BN80: LUIS SERGIO | BO80: =VLOOKUP(BM80,A:B,2,0) -> LUIS SERGIO | BP80: =BO80=BN80 -> TRUE
A81: 80 | B81: PITER SILVA | D81: não loc | E81: =COUNTIF($C$1:C81,C81) -> 0 | F81: =C81&E81 -> 0 | G81: =IF(IFERROR(FIND("pg",LOWER(B81)),0)=0,0,1) -> 0 | H81: =IF(IFERROR(FIND("(f)",LOWER(B81)),0)=0,0,1) -> 0 | I81: 9145654952 | J81: =COUNTIF(C:C,I81) -> 1 | K81: =COUNTIFS(C:C,I81,G:G,1)+COUNTIFS(C:C,I81,H:H,1) -> 0 | L81: =CONCATENATE(P81,Q81,R81,S81,T81,U81,V81,) -> 136 | M81: =CONCATENATE(Z81,AA81,AB81,AC81,AD81,AE81,AF81) -> MARCELO MORENO | N81: =J81-K81 -> 1 | P81: =IFERROR(INDEX($A$2:$A$501,MATCH($I81&P$1,$F$2:$F$501,0)),"") -> 136 | Q81: =IFERROR(", "&INDEX($A$2:$A$501,MATCH($I81&Q$1,$F$2:$F$501,0)),"") | R81: =IFERROR(", "&INDEX($A$2:$A$501,MATCH($I81&R$1,$F$2:$F$501,0)),"") | S81: =IFERROR(", "&INDEX($A$2:$A$501,MATCH($I81&S$1,$F$2:$F$501,0)),"") | T81: =IFERROR(", "&INDEX($A$2:$A$501,MATCH($I81&T$1,$F$2:$F$501,0)),"") | U81: =IFERROR(", "&INDEX($A$2:$A$501,MATCH($I81&U$1,$F$2:$F$501,0)),"") | V81: =IFERROR(", "&INDEX($A$2:$A$501,MATCH($I81&V$1,$F$2:$F$501,0)),"") | Z81: =IFERROR(INDEX($B$2:$B$501,MATCH($I81&Z$1,$F$2:$F$501,0)),"") -> MARCELO MORENO | AA81: =IFERROR(" ,"&INDEX($B$2:$B$501,MATCH($I81&AA$1,$F$2:$F$501,0)),"") | AB81: =IFERROR(" ,"&INDEX($B$2:$B$501,MATCH($I81&AB$1,$F$2:$F$501,0)),"") | AC81: =IFERROR(" ,"&INDEX($B$2:$B$501,MATCH($I81&AC$1,$F$2:$F$501,0)),"") | AD81: =IFERROR(" ,"&INDEX($B$2:$B$501,MATCH($I81&AD$1,$F$2:$F$501,0)),"") | AE81: =IFERROR(" ,"&INDEX($B$2:$B$501,MATCH($I81&AE$1,$F$2:$F$501,0)),"") | AF81: =IFERROR(" ,"&INDEX($B$2:$B$501,MATCH($I81&AF$1,$F$2:$F$501,0)),"") | AV81: 80 | AW81: PITER SILVA | BM81: 80 | BN81: PITER SILVA | BO81: =VLOOKUP(BM81,A:B,2,0) -> PITER SILVA | BP81: =BO81=BN81 -> TRUE
A82: 81 | B82: ANDERSON POLICARPO (checar) | D82: não loc | E82: =COUNTIF($C$1:C82,C82) -> 0 | F82: =C82&E82 -> 0 | G82: =IF(IFERROR(FIND("pg",LOWER(B82)),0)=0,0,1) -> 0 | H82: =IF(IFERROR(FIND("(f)",LOWER(B82)),0)=0,0,1) -> 0 | I82: 2038985149 | J82: =COUNTIF(C:C,I82) -> 3 | K82: =COUNTIFS(C:C,I82,G:G,1)+COUNTIFS(C:C,I82,H:H,1) -> 1 | L82: =CONCATENATE(P82,Q82,R82,S82,T82,U82,V82,) -> 138, 139, 234 | M82: =CONCATENATE(Z82,AA82,AB82,AC82,AD82,AE82,AF82) -> Fábio Albino ,Fábio Albino ,Fábio Albino (f) | N82: =J82-K82 -> 2 | P82: =IFERROR(INDEX($A$2:$A$501,MATCH($I82&P$1,$F$2:$F$501,0)),"") -> 138 | Q82: =IFERROR(", "&INDEX($A$2:$A$501,MATCH($I82&Q$1,$F$2:$F$501,0)),"") -> , 139 | R82: =IFERROR(", "&INDEX($A$2:$A$501,MATCH($I82&R$1,$F$2:$F$501,0)),"") -> , 234 | S82: =IFERROR(", "&INDEX($A$2:$A$501,MATCH($I82&S$1,$F$2:$F$501,0)),"") | T82: =IFERROR(", "&INDEX($A$2:$A$501,MATCH($I82&T$1,$F$2:$F$501,0)),"") | U82: =IFERROR(", "&INDEX($A$2:$A$501,MATCH($I82&U$1,$F$2:$F$501,0)),"") | V82: =IFERROR(", "&INDEX($A$2:$A$501,MATCH($I82&V$1,$F$2:$F$501,0)),"") | Z82: =IFERROR(INDEX($B$2:$B$501,MATCH($I82&Z$1,$F$2:$F$501,0)),"") -> Fábio Albino | AA82: =IFERROR(" ,"&INDEX($B$2:$B$501,MATCH($I82&AA$1,$F$2:$F$501,0)),"") -> ,Fábio Albino | AB82: =IFERROR(" ,"&INDEX($B$2:$B$501,MATCH($I82&AB$1,$F$2:$F$501,0)),"") -> ,Fábio Albino (f) | AC82: =IFERROR(" ,"&INDEX($B$2:$B$501,MATCH($I82&AC$1,$F$2:$F$501,0)),"") | AD82: =IFERROR(" ,"&INDEX($B$2:$B$501,MATCH($I82&AD$1,$F$2:$F$501,0)),"") | AE82: =IFERROR(" ,"&INDEX($B$2:$B$501,MATCH($I82&AE$1,$F$2:$F$501,0)),"") | AF82: =IFERROR(" ,"&INDEX($B$2:$B$501,MATCH($I82&AF$1,$F$2:$F$501,0)),"") | AV82: 81 | AW82: ANDERSON | BM82: 81 | BN82: ANDERSON | BO82: =VLOOKUP(BM82,A:B,2,0) -> ANDERSON POLICARPO (checar) | BP82: =BO82=BN82 -> FALSE
A83: 82 | B83: DEUSMAR | C83: 3528902004 | D83: ok | E83: =COUNTIF($C$1:C83,C83) -> 1 | F83: =C83&E83 -> 35289020041 | G83: =IF(IFERROR(FIND("pg",LOWER(B83)),0)=0,0,1) -> 0 | H83: =IF(IFERROR(FIND("(f)",LOWER(B83)),0)=0,0,1) -> 0 | I83: 9146095697 | J83: =COUNTIF(C:C,I83) -> 6 | K83: =COUNTIFS(C:C,I83,G:G,1)+COUNTIFS(C:C,I83,H:H,1) -> 6 | L83: =CONCATENATE(P83,Q83,R83,S83,T83,U83,V83,) -> 140, 272, 275, 298, 385, 488 | M83: =CONCATENATE(Z83,AA83,AB83,AC83,AD83,AE83,AF83) -> L&m wood floor pg ,L&m wood floor pg ,L&M WOOD FLOOR pg ,L&M wood floor pg ,L&M wood floor (f) ,L&m wood floor (f) | N83: =J83-K83 -> 0 | P83: =IFERROR(INDEX($A$2:$A$501,MATCH($I83&P$1,$F$2:$F$501,0)),"") -> 140 | Q83: =IFERROR(", "&INDEX($A$2:$A$501,MATCH($I83&Q$1,$F$2:$F$501,0)),"") -> , 272 | R83: =IFERROR(", "&INDEX($A$2:$A$501,MATCH($I83&R$1,$F$2:$F$501,0)),"") -> , 275 | S83: =IFERROR(", "&INDEX($A$2:$A$501,MATCH($I83&S$1,$F$2:$F$501,0)),"") -> , 298 | T83: =IFERROR(", "&INDEX($A$2:$A$501,MATCH($I83&T$1,$F$2:$F$501,0)),"") -> , 385 | U83: =IFERROR(", "&INDEX($A$2:$A$501,MATCH($I83&U$1,$F$2:$F$501,0)),"") -> , 488 | V83: =IFERROR(", "&INDEX($A$2:$A$501,MATCH($I83&V$1,$F$2:$F$501,0)),"") | Z83: =IFERROR(INDEX($B$2:$B$501,MATCH($I83&Z$1,$F$2:$F$501,0)),"") -> L&m wood floor pg | AA83: =IFERROR(" ,"&INDEX($B$2:$B$501,MATCH($I83&AA$1,$F$2:$F$501,0)),"") -> ,L&m wood floor pg | AB83: =IFERROR(" ,"&INDEX($B$2:$B$501,MATCH($I83&AB$1,$F$2:$F$501,0)),"") -> ,L&M WOOD FLOOR pg | AC83: =IFERROR(" ,"&INDEX($B$2:$B$501,MATCH($I83&AC$1,$F$2:$F$501,0)),"") -> ,L&M wood floor pg | AD83: =IFERROR(" ,"&INDEX($B$2:$B$501,MATCH($I83&AD$1,$F$2:$F$501,0)),"") -> ,L&M wood floor (f) | AE83: =IFERROR(" ,"&INDEX($B$2:$B$501,MATCH($I83&AE$1,$F$2:$F$501,0)),"") -> ,L&m wood floor (f) | AF83: =IFERROR(" ,"&INDEX($B$2:$B$501,MATCH($I83&AF$1,$F$2:$F$501,0)),"") | AV83: 82 | AW83: DEUSMAR | BM83: 82 | BN83: DEUSMAR | BO83: =VLOOKUP(BM83,A:B,2,0) -> DEUSMAR | BP83: =BO83=BN83 -> TRUE
A84: 83 | B84: LEO OLEGARIO pg | C84: 9732826254 | D84: ok | E84: =COUNTIF($C$1:C84,C84) -> 1 | F84: =C84&E84 -> 97328262541 | G84: =IF(IFERROR(FIND("pg",LOWER(B84)),0)=0,0,1) -> 1 | H84: =IF(IFERROR(FIND("(f)",LOWER(B84)),0)=0,0,1) -> 0 | I84: 9147740936 | J84: =COUNTIF(C:C,I84) -> 3 | K84: =COUNTIFS(C:C,I84,G:G,1)+COUNTIFS(C:C,I84,H:H,1) -> 3 | L84: =CONCATENATE(P84,Q84,R84,S84,T84,U84,V84,) -> 142, 367, 467 | M84: =CONCATENATE(Z84,AA84,AB84,AC84,AD84,AE84,AF84) -> Gustavo Freitas pg ,Gustavo Freitas pg ,Gustavo freitas (f) | N84: =J84-K84 -> 0 | P84: =IFERROR(INDEX($A$2:$A$501,MATCH($I84&P$1,$F$2:$F$501,0)),"") -> 142 | Q84: =IFERROR(", "&INDEX($A$2:$A$501,MATCH($I84&Q$1,$F$2:$F$501,0)),"") -> , 367 | R84: =IFERROR(", "&INDEX($A$2:$A$501,MATCH($I84&R$1,$F$2:$F$501,0)),"") -> , 467 | S84: =IFERROR(", "&INDEX($A$2:$A$501,MATCH($I84&S$1,$F$2:$F$501,0)),"") | T84: =IFERROR(", "&INDEX($A$2:$A$501,MATCH($I84&T$1,$F$2:$F$501,0)),"") | U84: =IFERROR(", "&INDEX($A$2:$A$501,MATCH($I84&U$1,$F$2:$F$501,0)),"") | V84: =IFERROR(", "&INDEX($A$2:$A$501,MATCH($I84&V$1,$F$2:$F$501,0)),"") | Z84: =IFERROR(INDEX($B$2:$B$501,MATCH($I84&Z$1,$F$2:$F$501,0)),"") -> Gustavo Freitas pg | AA84: =IFERROR(" ,"&INDEX($B$2:$B$501,MATCH($I84&AA$1,$F$2:$F$501,0)),"") -> ,Gustavo Freitas pg | AB84: =IFERROR(" ,"&INDEX($B$2:$B$501,MATCH($I84&AB$1,$F$2:$F$501,0)),"") -> ,Gustavo freitas (f) | AC84: =IFERROR(" ,"&INDEX($B$2:$B$501,MATCH($I84&AC$1,$F$2:$F$501,0)),"") | AD84: =IFERROR(" ,"&INDEX($B$2:$B$501,MATCH($I84&AD$1,$F$2:$F$501,0)),"") | AE84: =IFERROR(" ,"&INDEX($B$2:$B$501,MATCH($I84&AE$1,$F$2:$F$501,0)),"") | AF84: =IFERROR(" ,"&INDEX($B$2:$B$501,MATCH($I84&AF$1,$F$2:$F$501,0)),"") | AV84: 83 | AW84: LEO OLEGARIO | BM84: 83 | BN84: LEO OLEGARIO | BO84: =VLOOKUP(BM84,A:B,2,0) -> LEO OLEGARIO pg | BP84: =BO84=BN84 -> FALSE
A85: 84 | B85: Carlos de Paula (f) | C85: 5162442819 | D85: ok | E85: =COUNTIF($C$1:C85,C85) -> 1 | F85: =C85&E85 -> 51624428191 | G85: =IF(IFERROR(FIND("pg",LOWER(B85)),0)=0,0,1) -> 0 | H85: =IF(IFERROR(FIND("(f)",LOWER(B85)),0)=0,0,1) -> 1 | I85: 9144862420 | J85: =COUNTIF(C:C,I85) -> 1 | K85: =COUNTIFS(C:C,I85,G:G,1)+COUNTIFS(C:C,I85,H:H,1) -> 1 | L85: =CONCATENATE(P85,Q85,R85,S85,T85,U85,V85,) -> 143 | M85: =CONCATENATE(Z85,AA85,AB85,AC85,AD85,AE85,AF85) -> GUILHER BORGES pg | N85: =J85-K85 -> 0 | P85: =IFERROR(INDEX($A$2:$A$501,MATCH($I85&P$1,$F$2:$F$501,0)),"") -> 143 | Q85: =IFERROR(", "&INDEX($A$2:$A$501,MATCH($I85&Q$1,$F$2:$F$501,0)),"") | R85: =IFERROR(", "&INDEX($A$2:$A$501,MATCH($I85&R$1,$F$2:$F$501,0)),"") | S85: =IFERROR(", "&INDEX($A$2:$A$501,MATCH($I85&S$1,$F$2:$F$501,0)),"") | T85: =IFERROR(", "&INDEX($A$2:$A$501,MATCH($I85&T$1,$F$2:$F$501,0)),"") | U85: =IFERROR(", "&INDEX($A$2:$A$501,MATCH($I85&U$1,$F$2:$F$501,0)),"") | V85: =IFERROR(", "&INDEX($A$2:$A$501,MATCH($I85&V$1,$F$2:$F$501,0)),"") | Z85: =IFERROR(INDEX($B$2:$B$501,MATCH($I85&Z$1,$F$2:$F$501,0)),"") -> GUILHER BORGES pg | AA85: =IFERROR(" ,"&INDEX($B$2:$B$501,MATCH($I85&AA$1,$F$2:$F$501,0)),"") | AB85: =IFERROR(" ,"&INDEX($B$2:$B$501,MATCH($I85&AB$1,$F$2:$F$501,0)),"") | AC85: =IFERROR(" ,"&INDEX($B$2:$B$501,MATCH($I85&AC$1,$F$2:$F$501,0)),"") | AD85: =IFERROR(" ,"&INDEX($B$2:$B$501,MATCH($I85&AD$1,$F$2:$F$501,0)),"") | AE85: =IFERROR(" ,"&INDEX($B$2:$B$501,MATCH($I85&AE$1,$F$2:$F$501,0)),"") | AF85: =IFERROR(" ,"&INDEX($B$2:$B$501,MATCH($I85&AF$1,$F$2:$F$501,0)),"") | AV85: 84 | AW85: Carlos de Paula fre | BM85: 84 | BN85: Carlos de Paula fre | BO85: =VLOOKUP(BM85,A:B,2,0) -> Carlos de Paula (f) | BP85: =BO85=BN85 -> FALSE
A86: 85 | B86: DANIEL jet | C86: 2035229574 | D86: ok | E86: =COUNTIF($C$1:C86,C86) -> 1 | F86: =C86&E86 -> 20352295741 | G86: =IF(IFERROR(FIND("pg",LOWER(B86)),0)=0,0,1) -> 0 | H86: =IF(IFERROR(FIND("(f)",LOWER(B86)),0)=0,0,1) -> 0 | I86: 9144901203 | J86: =COUNTIF(C:C,I86) -> 2 | K86: =COUNTIFS(C:C,I86,G:G,1)+COUNTIFS(C:C,I86,H:H,1) -> 2 | L86: =CONCATENATE(P86,Q86,R86,S86,T86,U86,V86,) -> 146, 377 | M86: =CONCATENATE(Z86,AA86,AB86,AC86,AD86,AE86,AF86) -> WENDER pg ,WENDER pg | N86: =J86-K86 -> 0 | P86: =IFERROR(INDEX($A$2:$A$501,MATCH($I86&P$1,$F$2:$F$501,0)),"") -> 146 | Q86: =IFERROR(", "&INDEX($A$2:$A$501,MATCH($I86&Q$1,$F$2:$F$501,0)),"") -> , 377 | R86: =IFERROR(", "&INDEX($A$2:$A$501,MATCH($I86&R$1,$F$2:$F$501,0)),"") | S86: =IFERROR(", "&INDEX($A$2:$A$501,MATCH($I86&S$1,$F$2:$F$501,0)),"") | T86: =IFERROR(", "&INDEX($A$2:$A$501,MATCH($I86&T$1,$F$2:$F$501,0)),"") | U86: =IFERROR(", "&INDEX($A$2:$A$501,MATCH($I86&U$1,$F$2:$F$501,0)),"") | V86: =IFERROR(", "&INDEX($A$2:$A$501,MATCH($I86&V$1,$F$2:$F$501,0)),"") | Z86: =IFERROR(INDEX($B$2:$B$501,MATCH($I86&Z$1,$F$2:$F$501,0)),"") -> WENDER pg | AA86: =IFERROR(" ,"&INDEX($B$2:$B$501,MATCH($I86&AA$1,$F$2:$F$501,0)),"") -> ,WENDER pg | AB86: =IFERROR(" ,"&INDEX($B$2:$B$501,MATCH($I86&AB$1,$F$2:$F$501,0)),"") | AC86: =IFERROR(" ,"&INDEX($B$2:$B$501,MATCH($I86&AC$1,$F$2:$F$501,0)),"") | AD86: =IFERROR(" ,"&INDEX($B$2:$B$501,MATCH($I86&AD$1,$F$2:$F$501,0)),"") | AE86: =IFERROR(" ,"&INDEX($B$2:$B$501,MATCH($I86&AE$1,$F$2:$F$501,0)),"") | AF86: =IFERROR(" ,"&INDEX($B$2:$B$501,MATCH($I86&AF$1,$F$2:$F$501,0)),"") | AV86: 85 | AW86: DANIEL | BM86: 85 | BN86: DANIEL jet | BO86: =VLOOKUP(BM86,A:B,2,0) -> DANIEL jet | BP86: =BO86=BN86 -> TRUE
A87: 86 | B87: ANDRE RAY | C87: 2036925867 | D87: ok | E87: =COUNTIF($C$1:C87,C87) -> 1 | F87: =C87&E87 -> 20369258671 | G87: =IF(IFERROR(FIND("pg",LOWER(B87)),0)=0,0,1) -> 0 | H87: =IF(IFERROR(FIND("(f)",LOWER(B87)),0)=0,0,1) -> 0 | I87: 9144175819 | J87: =COUNTIF(C:C,I87) -> 3 | K87: =COUNTIFS(C:C,I87,G:G,1)+COUNTIFS(C:C,I87,H:H,1) -> 3 | L87: =CONCATENATE(P87,Q87,R87,S87,T87,U87,V87,) -> 147, 313, 372 | M87: =CONCATENATE(Z87,AA87,AB87,AC87,AD87,AE87,AF87) -> ANDERSON POLICARPO pg ,ANDERSON POLICARPO pg ,ANDERSON POLICARPO pg | N87: =J87-K87 -> 0 | P87: =IFERROR(INDEX($A$2:$A$501,MATCH($I87&P$1,$F$2:$F$501,0)),"") -> 147 | Q87: =IFERROR(", "&INDEX($A$2:$A$501,MATCH($I87&Q$1,$F$2:$F$501,0)),"") -> , 313 | R87: =IFERROR(", "&INDEX($A$2:$A$501,MATCH($I87&R$1,$F$2:$F$501,0)),"") -> , 372 | S87: =IFERROR(", "&INDEX($A$2:$A$501,MATCH($I87&S$1,$F$2:$F$501,0)),"") | T87: =IFERROR(", "&INDEX($A$2:$A$501,MATCH($I87&T$1,$F$2:$F$501,0)),"") | U87: =IFERROR(", "&INDEX($A$2:$A$501,MATCH($I87&U$1,$F$2:$F$501,0)),"") | V87: =IFERROR(", "&INDEX($A$2:$A$501,MATCH($I87&V$1,$F$2:$F$501,0)),"") | Z87: =IFERROR(INDEX($B$2:$B$501,MATCH($I87&Z$1,$F$2:$F$501,0)),"") -> ANDERSON POLICARPO pg | AA87: =IFERROR(" ,"&INDEX($B$2:$B$501,MATCH($I87&AA$1,$F$2:$F$501,0)),"") -> ,ANDERSON POLICARPO pg | AB87: =IFERROR(" ,"&INDEX($B$2:$B$501,MATCH($I87&AB$1,$F$2:$F$501,0)),"") -> ,ANDERSON POLICARPO pg | AC87: =IFERROR(" ,"&INDEX($B$2:$B$501,MATCH($I87&AC$1,$F$2:$F$501,0)),"") | AD87: =IFERROR(" ,"&INDEX($B$2:$B$501,MATCH($I87&AD$1,$F$2:$F$501,0)),"") | AE87: =IFERROR(" ,"&INDEX($B$2:$B$501,MATCH($I87&AE$1,$F$2:$F$501,0)),"") | AF87: =IFERROR(" ,"&INDEX($B$2:$B$501,MATCH($I87&AF$1,$F$2:$F$501,0)),"") | AV87: 86 | AW87: ANDRE RAY | BM87: 86 | BN87: ANDRE RAY | BO87: =VLOOKUP(BM87,A:B,2,0) -> ANDRE RAY | BP87: =BO87=BN87 -> TRUE
A88: 87 | B88: Fabiano Alves pg | C88: 2035401836 | D88: ok | E88: =COUNTIF($C$1:C88,C88) -> 1 | F88: =C88&E88 -> 20354018361 | G88: =IF(IFERROR(FIND("pg",LOWER(B88)),0)=0,0,1) -> 1 | H88: =IF(IFERROR(FIND("(f)",LOWER(B88)),0)=0,0,1) -> 0 | I88: 9144381725 | J88: =COUNTIF(C:C,I88) -> 3 | K88: =COUNTIFS(C:C,I88,G:G,1)+COUNTIFS(C:C,I88,H:H,1) -> 3 | L88: =CONCATENATE(P88,Q88,R88,S88,T88,U88,V88,) -> 148, 215, 428 | M88: =CONCATENATE(Z88,AA88,AB88,AC88,AD88,AE88,AF88) -> Juliano Farias /gustavo pg ,Juliano Farias /gustavo pg ,Juliano fritas / Gustavo (f) | N88: =J88-K88 -> 0 | P88: =IFERROR(INDEX($A$2:$A$501,MATCH($I88&P$1,$F$2:$F$501,0)),"") -> 148 | Q88: =IFERROR(", "&INDEX($A$2:$A$501,MATCH($I88&Q$1,$F$2:$F$501,0)),"") -> , 215 | R88: =IFERROR(", "&INDEX($A$2:$A$501,MATCH($I88&R$1,$F$2:$F$501,0)),"") -> , 428 | S88: =IFERROR(", "&INDEX($A$2:$A$501,MATCH($I88&S$1,$F$2:$F$501,0)),"") | T88: =IFERROR(", "&INDEX($A$2:$A$501,MATCH($I88&T$1,$F$2:$F$501,0)),"") | U88: =IFERROR(", "&INDEX($A$2:$A$501,MATCH($I88&U$1,$F$2:$F$501,0)),"") | V88: =IFERROR(", "&INDEX($A$2:$A$501,MATCH($I88&V$1,$F$2:$F$501,0)),"") | Z88: =IFERROR(INDEX($B$2:$B$501,MATCH($I88&Z$1,$F$2:$F$501,0)),"") -> Juliano Farias /gustavo pg | AA88: =IFERROR(" ,"&INDEX($B$2:$B$501,MATCH($I88&AA$1,$F$2:$F$501,0)),"") -> ,Juliano Farias /gustavo pg | AB88: =IFERROR(" ,"&INDEX($B$2:$B$501,MATCH($I88&AB$1,$F$2:$F$501,0)),"") -> ,Juliano fritas / Gustavo (f) | AC88: =IFERROR(" ,"&INDEX($B$2:$B$501,MATCH($I88&AC$1,$F$2:$F$501,0)),"") | AD88: =IFERROR(" ,"&INDEX($B$2:$B$501,MATCH($I88&AD$1,$F$2:$F$501,0)),"") | AE88: =IFERROR(" ,"&INDEX($B$2:$B$501,MATCH($I88&AE$1,$F$2:$F$501,0)),"") | AF88: =IFERROR(" ,"&INDEX($B$2:$B$501,MATCH($I88&AF$1,$F$2:$F$501,0)),"") | AV88: 87 | AW88: Fabiano Alves | BM88: 87 | BN88: Fabiano Alves pg | BO88: =VLOOKUP(BM88,A:B,2,0) -> Fabiano Alves pg | BP88: =BO88=BN88 -> TRUE
A89: 88 | B89: CESAR pg | C89: 2035158719 | D89: em nome de Paulo rogerio | E89: =COUNTIF($C$1:C89,C89) -> 4 | F89: =C89&E89 -> 20351587194 | G89: =IF(IFERROR(FIND("pg",LOWER(B89)),0)=0,0,1) -> 1 | H89: =IF(IFERROR(FIND("(f)",LOWER(B89)),0)=0,0,1) -> 0 | I89: 9148069703 | J89: =COUNTIF(C:C,I89) -> 2 | K89: =COUNTIFS(C:C,I89,G:G,1)+COUNTIFS(C:C,I89,H:H,1) -> 0 | L89: =CONCATENATE(P89,Q89,R89,S89,T89,U89,V89,) -> 149, 155 | M89: =CONCATENATE(Z89,AA89,AB89,AC89,AD89,AE89,AF89) -> CLAUDIO (DINHO ) ,CLAUDIO (DINHO0 | N89: =J89-K89 -> 2 | P89: =IFERROR(INDEX($A$2:$A$501,MATCH($I89&P$1,$F$2:$F$501,0)),"") -> 149 | Q89: =IFERROR(", "&INDEX($A$2:$A$501,MATCH($I89&Q$1,$F$2:$F$501,0)),"") -> , 155 | R89: =IFERROR(", "&INDEX($A$2:$A$501,MATCH($I89&R$1,$F$2:$F$501,0)),"") | S89: =IFERROR(", "&INDEX($A$2:$A$501,MATCH($I89&S$1,$F$2:$F$501,0)),"") | T89: =IFERROR(", "&INDEX($A$2:$A$501,MATCH($I89&T$1,$F$2:$F$501,0)),"") | U89: =IFERROR(", "&INDEX($A$2:$A$501,MATCH($I89&U$1,$F$2:$F$501,0)),"") | V89: =IFERROR(", "&INDEX($A$2:$A$501,MATCH($I89&V$1,$F$2:$F$501,0)),"") | Z89: =IFERROR(INDEX($B$2:$B$501,MATCH($I89&Z$1,$F$2:$F$501,0)),"") -> CLAUDIO (DINHO ) | AA89: =IFERROR(" ,"&INDEX($B$2:$B$501,MATCH($I89&AA$1,$F$2:$F$501,0)),"") -> ,CLAUDIO (DINHO0 | AB89: =IFERROR(" ,"&INDEX($B$2:$B$501,MATCH($I89&AB$1,$F$2:$F$501,0)),"") | AC89: =IFERROR(" ,"&INDEX($B$2:$B$501,MATCH($I89&AC$1,$F$2:$F$501,0)),"") | AD89: =IFERROR(" ,"&INDEX($B$2:$B$501,MATCH($I89&AD$1,$F$2:$F$501,0)),"") | AE89: =IFERROR(" ,"&INDEX($B$2:$B$501,MATCH($I89&AE$1,$F$2:$F$501,0)),"") | AF89: =IFERROR(" ,"&INDEX($B$2:$B$501,MATCH($I89&AF$1,$F$2:$F$501,0)),"") | AV89: 88 | AW89: CESAR | BM89: 88 | BN89: CESAR | BO89: =VLOOKUP(BM89,A:B,2,0) -> CESAR pg | BP89: =BO89=BN89 -> FALSE
A90: 89 | B90: JOAO V CARDOSO | C90: 9145656120 | D90: ok | E90: =COUNTIF($C$1:C90,C90) -> 1 | F90: =C90&E90 -> 91456561201 | G90: =IF(IFERROR(FIND("pg",LOWER(B90)),0)=0,0,1) -> 0 | H90: =IF(IFERROR(FIND("(f)",LOWER(B90)),0)=0,0,1) -> 0 | I90: 2039524111 | J90: =COUNTIF(C:C,I90) -> 3 | K90: =COUNTIFS(C:C,I90,G:G,1)+COUNTIFS(C:C,I90,H:H,1) -> 1 | L90: =CONCATENATE(P90,Q90,R90,S90,T90,U90,V90,) -> 151, 202, 360 | M90: =CONCATENATE(Z90,AA90,AB90,AC90,AD90,AE90,AF90) -> Leandro at lpslimo ,Leandro at lpslimo ,Leandro at lpslimo (f) | N90: =J90-K90 -> 2 | P90: =IFERROR(INDEX($A$2:$A$501,MATCH($I90&P$1,$F$2:$F$501,0)),"") -> 151 | Q90: =IFERROR(", "&INDEX($A$2:$A$501,MATCH($I90&Q$1,$F$2:$F$501,0)),"") -> , 202 | R90: =IFERROR(", "&INDEX($A$2:$A$501,MATCH($I90&R$1,$F$2:$F$501,0)),"") -> , 360 | S90: =IFERROR(", "&INDEX($A$2:$A$501,MATCH($I90&S$1,$F$2:$F$501,0)),"") | T90: =IFERROR(", "&INDEX($A$2:$A$501,MATCH($I90&T$1,$F$2:$F$501,0)),"") | U90: =IFERROR(", "&INDEX($A$2:$A$501,MATCH($I90&U$1,$F$2:$F$501,0)),"") | V90: =IFERROR(", "&INDEX($A$2:$A$501,MATCH($I90&V$1,$F$2:$F$501,0)),"") | Z90: =IFERROR(INDEX($B$2:$B$501,MATCH($I90&Z$1,$F$2:$F$501,0)),"") -> Leandro at lpslimo | AA90: =IFERROR(" ,"&INDEX($B$2:$B$501,MATCH($I90&AA$1,$F$2:$F$501,0)),"") -> ,Leandro at lpslimo | AB90: =IFERROR(" ,"&INDEX($B$2:$B$501,MATCH($I90&AB$1,$F$2:$F$501,0)),"") -> ,Leandro at lpslimo (f) | AC90: =IFERROR(" ,"&INDEX($B$2:$B$501,MATCH($I90&AC$1,$F$2:$F$501,0)),"") | AD90: =IFERROR(" ,"&INDEX($B$2:$B$501,MATCH($I90&AD$1,$F$2:$F$501,0)),"") | AE90: =IFERROR(" ,"&INDEX($B$2:$B$501,MATCH($I90&AE$1,$F$2:$F$501,0)),"") | AF90: =IFERROR(" ,"&INDEX($B$2:$B$501,MATCH($I90&AF$1,$F$2:$F$501,0)),"") | AV90: 89 | AW90: JOAO V CARDOSO | BM90: 89 | BN90: JOAO V CARDOSO | BO90: =VLOOKUP(BM90,A:B,2,0) -> JOAO V CARDOSO | BP90: =BO90=BN90 -> TRUE
A91: 90 | B91: FE EM DEUS 2035439473 | C91: 2035439473 | D91: em nome de Harley | E91: =COUNTIF($C$1:C91,C91) -> 1 | F91: =C91&E91 -> 20354394731 | G91: =IF(IFERROR(FIND("pg",LOWER(B91)),0)=0,0,1) -> 0 | H91: =IF(IFERROR(FIND("(f)",LOWER(B91)),0)=0,0,1) -> 0 | I91: 2039804388 | J91: =COUNTIF(C:C,I91) -> 1 | K91: =COUNTIFS(C:C,I91,G:G,1)+COUNTIFS(C:C,I91,H:H,1) -> 1 | L91: =CONCATENATE(P91,Q91,R91,S91,T91,U91,V91,) -> 152 | M91: =CONCATENATE(Z91,AA91,AB91,AC91,AD91,AE91,AF91) -> Afonso Eletrrcista pg | N91: =J91-K91 -> 0 | P91: =IFERROR(INDEX($A$2:$A$501,MATCH($I91&P$1,$F$2:$F$501,0)),"") -> 152 | Q91: =IFERROR(", "&INDEX($A$2:$A$501,MATCH($I91&Q$1,$F$2:$F$501,0)),"") | R91: =IFERROR(", "&INDEX($A$2:$A$501,MATCH($I91&R$1,$F$2:$F$501,0)),"") | S91: =IFERROR(", "&INDEX($A$2:$A$501,MATCH($I91&S$1,$F$2:$F$501,0)),"") | T91: =IFERROR(", "&INDEX($A$2:$A$501,MATCH($I91&T$1,$F$2:$F$501,0)),"") | U91: =IFERROR(", "&INDEX($A$2:$A$501,MATCH($I91&U$1,$F$2:$F$501,0)),"") | V91: =IFERROR(", "&INDEX($A$2:$A$501,MATCH($I91&V$1,$F$2:$F$501,0)),"") | Z91: =IFERROR(INDEX($B$2:$B$501,MATCH($I91&Z$1,$F$2:$F$501,0)),"") -> Afonso Eletrrcista pg | AA91: =IFERROR(" ,"&INDEX($B$2:$B$501,MATCH($I91&AA$1,$F$2:$F$501,0)),"") | AB91: =IFERROR(" ,"&INDEX($B$2:$B$501,MATCH($I91&AB$1,$F$2:$F$501,0)),"") | AC91: =IFERROR(" ,"&INDEX($B$2:$B$501,MATCH($I91&AC$1,$F$2:$F$501,0)),"") | AD91: =IFERROR(" ,"&INDEX($B$2:$B$501,MATCH($I91&AD$1,$F$2:$F$501,0)),"") | AE91: =IFERROR(" ,"&INDEX($B$2:$B$501,MATCH($I91&AE$1,$F$2:$F$501,0)),"") | AF91: =IFERROR(" ,"&INDEX($B$2:$B$501,MATCH($I91&AF$1,$F$2:$F$501,0)),"") | AV91: 90 | AW91: FE EM DEUS 2035439473 | BM91: 90 | BN91: FE EM DEUS 2035439473 | BO91: =VLOOKUP(BM91,A:B,2,0) -> FE EM DEUS 2035439473 | BP91: =BO91=BN91 -> TRUE
A92: 91 | B92: BINHO | C92: 2034285344 | D92: ok | E92: =COUNTIF($C$1:C92,C92) -> 1 | F92: =C92&E92 -> 20342853441 | G92: =IF(IFERROR(FIND("pg",LOWER(B92)),0)=0,0,1) -> 0 | H92: =IF(IFERROR(FIND("(f)",LOWER(B92)),0)=0,0,1) -> 0 | I92: 2035591129 | J92: =COUNTIF(C:C,I92) -> 3 | K92: =COUNTIFS(C:C,I92,G:G,1)+COUNTIFS(C:C,I92,H:H,1) -> 3 | L92: =CONCATENATE(P92,Q92,R92,S92,T92,U92,V92,) -> 153, 158, 160 | M92: =CONCATENATE(Z92,AA92,AB92,AC92,AD92,AE92,AF92) -> Fernando Carvalho pg ,Fernando Carvalho pg ,Fernando Carvalho (f) | N92: =J92-K92 -> 0 | P92: =IFERROR(INDEX($A$2:$A$501,MATCH($I92&P$1,$F$2:$F$501,0)),"") -> 153 | Q92: =IFERROR(", "&INDEX($A$2:$A$501,MATCH($I92&Q$1,$F$2:$F$501,0)),"") -> , 158 | R92: =IFERROR(", "&INDEX($A$2:$A$501,MATCH($I92&R$1,$F$2:$F$501,0)),"") -> , 160 | S92: =IFERROR(", "&INDEX($A$2:$A$501,MATCH($I92&S$1,$F$2:$F$501,0)),"") | T92: =IFERROR(", "&INDEX($A$2:$A$501,MATCH($I92&T$1,$F$2:$F$501,0)),"") | U92: =IFERROR(", "&INDEX($A$2:$A$501,MATCH($I92&U$1,$F$2:$F$501,0)),"") | V92: =IFERROR(", "&INDEX($A$2:$A$501,MATCH($I92&V$1,$F$2:$F$501,0)),"") | Z92: =IFERROR(INDEX($B$2:$B$501,MATCH($I92&Z$1,$F$2:$F$501,0)),"") -> Fernando Carvalho pg | AA92: =IFERROR(" ,"&INDEX($B$2:$B$501,MATCH($I92&AA$1,$F$2:$F$501,0)),"") -> ,Fernando Carvalho pg | AB92: =IFERROR(" ,"&INDEX($B$2:$B$501,MATCH($I92&AB$1,$F$2:$F$501,0)),"") -> ,Fernando Carvalho (f) | AC92: =IFERROR(" ,"&INDEX($B$2:$B$501,MATCH($I92&AC$1,$F$2:$F$501,0)),"") | AD92: =IFERROR(" ,"&INDEX($B$2:$B$501,MATCH($I92&AD$1,$F$2:$F$501,0)),"") | AE92: =IFERROR(" ,"&INDEX($B$2:$B$501,MATCH($I92&AE$1,$F$2:$F$501,0)),"") | AF92: =IFERROR(" ,"&INDEX($B$2:$B$501,MATCH($I92&AF$1,$F$2:$F$501,0)),"") | AV92: 91 | AW92: BINHO | BM92: 91 | BN92: BINHO | BO92: =VLOOKUP(BM92,A:B,2,0) -> BINHO | BP92: =BO92=BN92 -> TRUE
A93: 92 | B93: CHARLLIE | C93: 2035239177 | D93: ok | E93: =COUNTIF($C$1:C93,C93) -> 1 | F93: =C93&E93 -> 20352391771 | G93: =IF(IFERROR(FIND("pg",LOWER(B93)),0)=0,0,1) -> 0 | H93: =IF(IFERROR(FIND("(f)",LOWER(B93)),0)=0,0,1) -> 0 | I93: 9143569767 | J93: =COUNTIF(C:C,I93) -> 3 | K93: =COUNTIFS(C:C,I93,G:G,1)+COUNTIFS(C:C,I93,H:H,1) -> 3 | L93: =CONCATENATE(P93,Q93,R93,S93,T93,U93,V93,) -> 154, 350, 490 | M93: =CONCATENATE(Z93,AA93,AB93,AC93,AD93,AE93,AF93) -> Eduardo tile pg ,Eduardo tile (f) ,Eduardo tile pg | N93: =J93-K93 -> 0 | P93: =IFERROR(INDEX($A$2:$A$501,MATCH($I93&P$1,$F$2:$F$501,0)),"") -> 154 | Q93: =IFERROR(", "&INDEX($A$2:$A$501,MATCH($I93&Q$1,$F$2:$F$501,0)),"") -> , 350 | R93: =IFERROR(", "&INDEX($A$2:$A$501,MATCH($I93&R$1,$F$2:$F$501,0)),"") -> , 490 | S93: =IFERROR(", "&INDEX($A$2:$A$501,MATCH($I93&S$1,$F$2:$F$501,0)),"") | T93: =IFERROR(", "&INDEX($A$2:$A$501,MATCH($I93&T$1,$F$2:$F$501,0)),"") | U93: =IFERROR(", "&INDEX($A$2:$A$501,MATCH($I93&U$1,$F$2:$F$501,0)),"") | V93: =IFERROR(", "&INDEX($A$2:$A$501,MATCH($I93&V$1,$F$2:$F$501,0)),"") | Z93: =IFERROR(INDEX($B$2:$B$501,MATCH($I93&Z$1,$F$2:$F$501,0)),"") -> Eduardo tile pg | AA93: =IFERROR(" ,"&INDEX($B$2:$B$501,MATCH($I93&AA$1,$F$2:$F$501,0)),"") -> ,Eduardo tile (f) | AB93: =IFERROR(" ,"&INDEX($B$2:$B$501,MATCH($I93&AB$1,$F$2:$F$501,0)),"") -> ,Eduardo tile pg | AC93: =IFERROR(" ,"&INDEX($B$2:$B$501,MATCH($I93&AC$1,$F$2:$F$501,0)),"") | AD93: =IFERROR(" ,"&INDEX($B$2:$B$501,MATCH($I93&AD$1,$F$2:$F$501,0)),"") | AE93: =IFERROR(" ,"&INDEX($B$2:$B$501,MATCH($I93&AE$1,$F$2:$F$501,0)),"") | AF93: =IFERROR(" ,"&INDEX($B$2:$B$501,MATCH($I93&AF$1,$F$2:$F$501,0)),"") | AV93: 92 | AW93: CHARLLIE | BM93: 92 | BN93: CHARLLIE | BO93: =VLOOKUP(BM93,A:B,2,0) -> CHARLLIE | BP93: =BO93=BN93 -> TRUE
A94: 93 | B94: Joe (Juca) Guimaraes | C94: 9144839842 | D94: ok | E94: =COUNTIF($C$1:C94,C94) -> 1 | F94: =C94&E94 -> 91448398421 | G94: =IF(IFERROR(FIND("pg",LOWER(B94)),0)=0,0,1) -> 0 | H94: =IF(IFERROR(FIND("(f)",LOWER(B94)),0)=0,0,1) -> 0 | I94: 9144904255 | J94: =COUNTIF(C:C,I94) -> 6 | K94: =COUNTIFS(C:C,I94,G:G,1)+COUNTIFS(C:C,I94,H:H,1) -> 6 | L94: =CONCATENATE(P94,Q94,R94,S94,T94,U94,V94,) -> 156, 241, 342, 349, 355, 430 | M94: =CONCATENATE(Z94,AA94,AB94,AC94,AD94,AE94,AF94) -> Carlos Serafim (f) ,CARLOS SERAFIM pg ,CARLOS SERAFIM. Pg ,PEDRO CARLOS pg ,Carlos Serafim Pg ,Carlos Serafim pg | N94: =J94-K94 -> 0 | P94: =IFERROR(INDEX($A$2:$A$501,MATCH($I94&P$1,$F$2:$F$501,0)),"") -> 156 | Q94: =IFERROR(", "&INDEX($A$2:$A$501,MATCH($I94&Q$1,$F$2:$F$501,0)),"") -> , 241 | R94: =IFERROR(", "&INDEX($A$2:$A$501,MATCH($I94&R$1,$F$2:$F$501,0)),"") -> , 342 | S94: =IFERROR(", "&INDEX($A$2:$A$501,MATCH($I94&S$1,$F$2:$F$501,0)),"") -> , 349 | T94: =IFERROR(", "&INDEX($A$2:$A$501,MATCH($I94&T$1,$F$2:$F$501,0)),"") -> , 355 | U94: =IFERROR(", "&INDEX($A$2:$A$501,MATCH($I94&U$1,$F$2:$F$501,0)),"") -> , 430 | V94: =IFERROR(", "&INDEX($A$2:$A$501,MATCH($I94&V$1,$F$2:$F$501,0)),"") | Z94: =IFERROR(INDEX($B$2:$B$501,MATCH($I94&Z$1,$F$2:$F$501,0)),"") -> Carlos Serafim (f) | AA94: =IFERROR(" ,"&INDEX($B$2:$B$501,MATCH($I94&AA$1,$F$2:$F$501,0)),"") -> ,CARLOS SERAFIM pg | AB94: =IFERROR(" ,"&INDEX($B$2:$B$501,MATCH($I94&AB$1,$F$2:$F$501,0)),"") -> ,CARLOS SERAFIM. Pg | AC94: =IFERROR(" ,"&INDEX($B$2:$B$501,MATCH($I94&AC$1,$F$2:$F$501,0)),"") -> ,PEDRO CARLOS pg | AD94: =IFERROR(" ,"&INDEX($B$2:$B$501,MATCH($I94&AD$1,$F$2:$F$501,0)),"") -> ,Carlos Serafim Pg | AE94: =IFERROR(" ,"&INDEX($B$2:$B$501,MATCH($I94&AE$1,$F$2:$F$501,0)),"") -> ,Carlos Serafim pg | AF94: =IFERROR(" ,"&INDEX($B$2:$B$501,MATCH($I94&AF$1,$F$2:$F$501,0)),"") | AV94: 93 | AW94: Albert | BM94: 93 | BN94: Albert | BO94: =VLOOKUP(BM94,A:B,2,0) -> Joe (Juca) Guimaraes | BP94: =BO94=BN94 -> FALSE
... A101: 100 | B101: HARLEY | C101: 2035439473 | D101: ok | E101: =COUNTIF($C$1:C101,C101) -> 2 | F101: =C101&E101 -> 20354394732 | G101: =IF(IFERROR(FIND("pg",LOWER(B101)),0)=0,0,1) -> 0 | H101: =IF(IFERROR(FIND("(f)",LOWER(B101)),0)=0,0,1) -> 0 | I101: 4754496806 | J101: =COUNTIF(C:C,I101) -> 3 | K101: =COUNTIFS(C:C,I101,G:G,1)+COUNTIFS(C:C,I101,H:H,1) -> 3 | L101: =CONCATENATE(P101,Q101,R101,S101,T101,U101,V101,) -> 179, 444, 497 | M101: =CONCATENATE(Z101,AA101,AB101,AC101,AD101,AE101,AF101) -> SIMARA show car pg ,ADILSON pg ,ADILSON pg | N101: =J101-K101 -> 0 | P101: =IFERROR(INDEX($A$2:$A$501,MATCH($I101&P$1,$F$2:$F$501,0)),"") -> 179 | Q101: =IFERROR(", "&INDEX($A$2:$A$501,MATCH($I101&Q$1,$F$2:$F$501,0)),"") -> , 444 | R101: =IFERROR(", "&INDEX($A$2:$A$501,MATCH($I101&R$1,$F$2:$F$501,0)),"") -> , 497 | S101: =IFERROR(", "&INDEX($A$2:$A$501,MATCH($I101&S$1,$F$2:$F$501,0)),"") | T101: =IFERROR(", "&INDEX($A$2:$A$501,MATCH($I101&T$1,$F$2:$F$501,0)),"") | U101: =IFERROR(", "&INDEX($A$2:$A$501,MATCH($I101&U$1,$F$2:$F$501,0)),"") | V101: =IFERROR(", "&INDEX($A$2:$A$501,MATCH($I101&V$1,$F$2:$F$501,0)),"") | Z101: =IFERROR(INDEX($B$2:$B$501,MATCH($I101&Z$1,$F$2:$F$501,0)),"") -> SIMARA show car pg | AA101: =IFERROR(" ,"&INDEX($B$2:$B$501,MATCH($I101&AA$1,$F$2:$F$501,0)),"") -> ,ADILSON pg | AB101: =IFERROR(" ,"&INDEX($B$2:$B$501,MATCH($I101&AB$1,$F$2:$F$501,0)),"") -> ,ADILSON pg | AC101: =IFERROR(" ,"&INDEX($B$2:$B$501,MATCH($I101&AC$1,$F$2:$F$501,0)),"") | AD101: =IFERROR(" ,"&INDEX($B$2:$B$501,MATCH($I101&AD$1,$F$2:$F$501,0)),"") | AE101: =IFERROR(" ,"&INDEX($B$2:$B$501,MATCH($I101&AE$1,$F$2:$F$501,0)),"") | AF101: =IFERROR(" ,"&INDEX($B$2:$B$501,MATCH($I101&AF$1,$F$2:$F$501,0)),"") | AV101: 100 | AW101: HARLEY | BM101: 100 | BN101: HARLEY | BO101: =VLOOKUP(BM101,A:B,2,0) -> HARLEY | BP101: =BO101=BN101 -> TRUE
A102: 101 | B102: MARCELO | D102: não loc | E102: =COUNTIF($C$1:C102,C102) -> 0 | F102: =C102&E102 -> 0 | G102: =IF(IFERROR(FIND("pg",LOWER(B102)),0)=0,0,1) -> 0 | H102: =IF(IFERROR(FIND("(f)",LOWER(B102)),0)=0,0,1) -> 0 | I102: 2035406751 | J102: =COUNTIF(C:C,I102) -> 3 | K102: =COUNTIFS(C:C,I102,G:G,1)+COUNTIFS(C:C,I102,H:H,1) -> 3 | L102: =CONCATENATE(P102,Q102,R102,S102,T102,U102,V102,) -> 180, 365, 420 | M102: =CONCATENATE(Z102,AA102,AB102,AC102,AD102,AE102,AF102) -> Bola de fogo pg ,BOLA de fogo (f) ,Bola de fogo pg | N102: =J102-K102 -> 0 | P102: =IFERROR(INDEX($A$2:$A$501,MATCH($I102&P$1,$F$2:$F$501,0)),"") -> 180 | Q102: =IFERROR(", "&INDEX($A$2:$A$501,MATCH($I102&Q$1,$F$2:$F$501,0)),"") -> , 365 | R102: =IFERROR(", "&INDEX($A$2:$A$501,MATCH($I102&R$1,$F$2:$F$501,0)),"") -> , 420 | S102: =IFERROR(", "&INDEX($A$2:$A$501,MATCH($I102&S$1,$F$2:$F$501,0)),"") | T102: =IFERROR(", "&INDEX($A$2:$A$501,MATCH($I102&T$1,$F$2:$F$501,0)),"") | U102: =IFERROR(", "&INDEX($A$2:$A$501,MATCH($I102&U$1,$F$2:$F$501,0)),"") | V102: =IFERROR(", "&INDEX($A$2:$A$501,MATCH($I102&V$1,$F$2:$F$501,0)),"") | Z102: =IFERROR(INDEX($B$2:$B$501,MATCH($I102&Z$1,$F$2:$F$501,0)),"") -> Bola de fogo pg | AA102: =IFERROR(" ,"&INDEX($B$2:$B$501,MATCH($I102&AA$1,$F$2:$F$501,0)),"") -> ,BOLA de fogo (f) | AB102: =IFERROR(" ,"&INDEX($B$2:$B$501,MATCH($I102&AB$1,$F$2:$F$501,0)),"") -> ,Bola de fogo pg | AC102: =IFERROR(" ,"&INDEX($B$2:$B$501,MATCH($I102&AC$1,$F$2:$F$501,0)),"") | AD102: =IFERROR(" ,"&INDEX($B$2:$B$501,MATCH($I102&AD$1,$F$2:$F$501,0)),"") | AE102: =IFERROR(" ,"&INDEX($B$2:$B$501,MATCH($I102&AE$1,$F$2:$F$501,0)),"") | AF102: =IFERROR(" ,"&INDEX($B$2:$B$501,MATCH($I102&AF$1,$F$2:$F$501,0)),"") | AV102: 101 | AW102: MARCELO | BM102: 101 | BN102: MARCELO | BO102: =VLOOKUP(BM102,A:B,2,0) -> MARCELO | BP102: =BO102=BN102 -> TRUE
A103: 102 | B103: UEVERTON L FERREIRA pg | C103: 2672706341 | D103: ok | E103: =COUNTIF($C$1:C103,C103) -> 1 | F103: =C103&E103 -> 26727063411 | G103: =IF(IFERROR(FIND("pg",LOWER(B103)),0)=0,0,1) -> 1 | H103: =IF(IFERROR(FIND("(f)",LOWER(B103)),0)=0,0,1) -> 0 | I103: 2034494860 | J103: =COUNTIF(C:C,I103) -> 2 | K103: =COUNTIFS(C:C,I103,G:G,1)+COUNTIFS(C:C,I103,H:H,1) -> 2 | L103: =CONCATENATE(P103,Q103,R103,S103,T103,U103,V103,) -> 182, 265 | M103: =CONCATENATE(Z103,AA103,AB103,AC103,AD103,AE103,AF103) -> SARMENTO pg ,SARMENTO pg | N103: =J103-K103 -> 0 | P103: =IFERROR(INDEX($A$2:$A$501,MATCH($I103&P$1,$F$2:$F$501,0)),"") -> 182 | Q103: =IFERROR(", "&INDEX($A$2:$A$501,MATCH($I103&Q$1,$F$2:$F$501,0)),"") -> , 265 | R103: =IFERROR(", "&INDEX($A$2:$A$501,MATCH($I103&R$1,$F$2:$F$501,0)),"") | S103: =IFERROR(", "&INDEX($A$2:$A$501,MATCH($I103&S$1,$F$2:$F$501,0)),"") | T103: =IFERROR(", "&INDEX($A$2:$A$501,MATCH($I103&T$1,$F$2:$F$501,0)),"") | U103: =IFERROR(", "&INDEX($A$2:$A$501,MATCH($I103&U$1,$F$2:$F$501,0)),"") | V103: =IFERROR(", "&INDEX($A$2:$A$501,MATCH($I103&V$1,$F$2:$F$501,0)),"") | Z103: =IFERROR(INDEX($B$2:$B$501,MATCH($I103&Z$1,$F$2:$F$501,0)),"") -> SARMENTO pg | AA103: =IFERROR(" ,"&INDEX($B$2:$B$501,MATCH($I103&AA$1,$F$2:$F$501,0)),"") -> ,SARMENTO pg | AB103: =IFERROR(" ,"&INDEX($B$2:$B$501,MATCH($I103&AB$1,$F$2:$F$501,0)),"") | AC103: =IFERROR(" ,"&INDEX($B$2:$B$501,MATCH($I103&AC$1,$F$2:$F$501,0)),"") | AD103: =IFERROR(" ,"&INDEX($B$2:$B$501,MATCH($I103&AD$1,$F$2:$F$501,0)),"") | AE103: =IFERROR(" ,"&INDEX($B$2:$B$501,MATCH($I103&AE$1,$F$2:$F$501,0)),"") | AF103: =IFERROR(" ,"&INDEX($B$2:$B$501,MATCH($I103&AF$1,$F$2:$F$501,0)),"") | AV103: 102 | AW103: UEVERTON L FERREIRA | BM103: 102 | BN103: UEVERTON L FERREIRA pg | BO103: =VLOOKUP(BM103,A:B,2,0) -> UEVERTON L FERREIRA pg | BP103: =BO103=BN103 -> TRUE
A104: 103 | B104: RAFA JOAO pg | C104: 9144266464 | D104: ok | E104: =COUNTIF($C$1:C104,C104) -> 1 | F104: =C104&E104 -> 91442664641 | G104: =IF(IFERROR(FIND("pg",LOWER(B104)),0)=0,0,1) -> 1 | H104: =IF(IFERROR(FIND("(f)",LOWER(B104)),0)=0,0,1) -> 0 | I104: 6465429753 | J104: =COUNTIF(C:C,I104) -> 1 | K104: =COUNTIFS(C:C,I104,G:G,1)+COUNTIFS(C:C,I104,H:H,1) -> 1 | L104: =CONCATENATE(P104,Q104,R104,S104,T104,U104,V104,) -> 185 | M104: =CONCATENATE(Z104,AA104,AB104,AC104,AD104,AE104,AF104) -> DENILSON pg | N104: =J104-K104 -> 0 | P104: =IFERROR(INDEX($A$2:$A$501,MATCH($I104&P$1,$F$2:$F$501,0)),"") -> 185 | Q104: =IFERROR(", "&INDEX($A$2:$A$501,MATCH($I104&Q$1,$F$2:$F$501,0)),"") | R104: =IFERROR(", "&INDEX($A$2:$A$501,MATCH($I104&R$1,$F$2:$F$501,0)),"") | S104: =IFERROR(", "&INDEX($A$2:$A$501,MATCH($I104&S$1,$F$2:$F$501,0)),"") | T104: =IFERROR(", "&INDEX($A$2:$A$501,MATCH($I104&T$1,$F$2:$F$501,0)),"") | U104: =IFERROR(", "&INDEX($A$2:$A$501,MATCH($I104&U$1,$F$2:$F$501,0)),"") | V104: =IFERROR(", "&INDEX($A$2:$A$501,MATCH($I104&V$1,$F$2:$F$501,0)),"") | Z104: =IFERROR(INDEX($B$2:$B$501,MATCH($I104&Z$1,$F$2:$F$501,0)),"") -> DENILSON pg | AA104: =IFERROR(" ,"&INDEX($B$2:$B$501,MATCH($I104&AA$1,$F$2:$F$501,0)),"") | AB104: =IFERROR(" ,"&INDEX($B$2:$B$501,MATCH($I104&AB$1,$F$2:$F$501,0)),"") | AC104: =IFERROR(" ,"&INDEX($B$2:$B$501,MATCH($I104&AC$1,$F$2:$F$501,0)),"") | AD104: =IFERROR(" ,"&INDEX($B$2:$B$501,MATCH($I104&AD$1,$F$2:$F$501,0)),"") | AE104: =IFERROR(" ,"&INDEX($B$2:$B$501,MATCH($I104&AE$1,$F$2:$F$501,0)),"") | AF104: =IFERROR(" ,"&INDEX($B$2:$B$501,MATCH($I104&AF$1,$F$2:$F$501,0)),"") | AV104: 103 | AW104: RAFA JOAO pg | BM104: 103 | BN104: RAFA JOAO pg | BO104: =VLOOKUP(BM104,A:B,2,0) -> RAFA JOAO pg | BP104: =BO104=BN104 -> TRUE
A105: 104 | B105: UEVERTON L FERREIRA pg | C105: 2672706341 | D105: ok | E105: =COUNTIF($C$1:C105,C105) -> 2 | F105: =C105&E105 -> 26727063412 | G105: =IF(IFERROR(FIND("pg",LOWER(B105)),0)=0,0,1) -> 1 | H105: =IF(IFERROR(FIND("(f)",LOWER(B105)),0)=0,0,1) -> 0 | I105: 9142306486 | J105: =COUNTIF(C:C,I105) -> 1 | K105: =COUNTIFS(C:C,I105,G:G,1)+COUNTIFS(C:C,I105,H:H,1) -> 0 | L105: =CONCATENATE(P105,Q105,R105,S105,T105,U105,V105,) -> 187 | M105: =CONCATENATE(Z105,AA105,AB105,AC105,AD105,AE105,AF105) -> JEFERSON | N105: =J105-K105 -> 1 | P105: =IFERROR(INDEX($A$2:$A$501,MATCH($I105&P$1,$F$2:$F$501,0)),"") -> 187 | Q105: =IFERROR(", "&INDEX($A$2:$A$501,MATCH($I105&Q$1,$F$2:$F$501,0)),"") | R105: =IFERROR(", "&INDEX($A$2:$A$501,MATCH($I105&R$1,$F$2:$F$501,0)),"") | S105: =IFERROR(", "&INDEX($A$2:$A$501,MATCH($I105&S$1,$F$2:$F$501,0)),"") | T105: =IFERROR(", "&INDEX($A$2:$A$501,MATCH($I105&T$1,$F$2:$F$501,0)),"") | U105: =IFERROR(", "&INDEX($A$2:$A$501,MATCH($I105&U$1,$F$2:$F$501,0)),"") | V105: =IFERROR(", "&INDEX($A$2:$A$501,MATCH($I105&V$1,$F$2:$F$501,0)),"") | Z105: =IFERROR(INDEX($B$2:$B$501,MATCH($I105&Z$1,$F$2:$F$501,0)),"") -> JEFERSON | AA105: =IFERROR(" ,"&INDEX($B$2:$B$501,MATCH($I105&AA$1,$F$2:$F$501,0)),"") | AB105: =IFERROR(" ,"&INDEX($B$2:$B$501,MATCH($I105&AB$1,$F$2:$F$501,0)),"") | AC105: =IFERROR(" ,"&INDEX($B$2:$B$501,MATCH($I105&AC$1,$F$2:$F$501,0)),"") | AD105: =IFERROR(" ,"&INDEX($B$2:$B$501,MATCH($I105&AD$1,$F$2:$F$501,0)),"") | AE105: =IFERROR(" ,"&INDEX($B$2:$B$501,MATCH($I105&AE$1,$F$2:$F$501,0)),"") | AF105: =IFERROR(" ,"&INDEX($B$2:$B$501,MATCH($I105&AF$1,$F$2:$F$501,0)),"") | AV105: 104 | AW105: UEVERTON L FERREIRA | BM105: 104 | BN105: UEVERTON L FERREIRA pg | BO105: =VLOOKUP(BM105,A:B,2,0) -> UEVERTON L FERREIRA pg | BP105: =BO105=BN105 -> TRUE
A106: 105 | B106: MARCELO ELETRICISTA | D106: não loc | E106: =COUNTIF($C$1:C106,C106) -> 0 | F106: =C106&E106 -> 0 | G106: =IF(IFERROR(FIND("pg",LOWER(B106)),0)=0,0,1) -> 0 | H106: =IF(IFERROR(FIND("(f)",LOWER(B106)),0)=0,0,1) -> 0 | I106: 2038085888 | J106: =COUNTIF(C:C,I106) -> 2 | K106: =COUNTIFS(C:C,I106,G:G,1)+COUNTIFS(C:C,I106,H:H,1) -> 2 | L106: =CONCATENATE(P106,Q106,R106,S106,T106,U106,V106,) -> 193, 495 | M106: =CONCATENATE(Z106,AA106,AB106,AC106,AD106,AE106,AF106) -> JOSE CARLOS pg ,JOSE CARLOS pg | N106: =J106-K106 -> 0 | P106: =IFERROR(INDEX($A$2:$A$501,MATCH($I106&P$1,$F$2:$F$501,0)),"") -> 193 | Q106: =IFERROR(", "&INDEX($A$2:$A$501,MATCH($I106&Q$1,$F$2:$F$501,0)),"") -> , 495 | R106: =IFERROR(", "&INDEX($A$2:$A$501,MATCH($I106&R$1,$F$2:$F$501,0)),"") | S106: =IFERROR(", "&INDEX($A$2:$A$501,MATCH($I106&S$1,$F$2:$F$501,0)),"") | T106: =IFERROR(", "&INDEX($A$2:$A$501,MATCH($I106&T$1,$F$2:$F$501,0)),"") | U106: =IFERROR(", "&INDEX($A$2:$A$501,MATCH($I106&U$1,$F$2:$F$501,0)),"") | V106: =IFERROR(", "&INDEX($A$2:$A$501,MATCH($I106&V$1,$F$2:$F$501,0)),"") | Z106: =IFERROR(INDEX($B$2:$B$501,MATCH($I106&Z$1,$F$2:$F$501,0)),"") -> JOSE CARLOS pg | AA106: =IFERROR(" ,"&INDEX($B$2:$B$501,MATCH($I106&AA$1,$F$2:$F$501,0)),"") -> ,JOSE CARLOS pg | AB106: =IFERROR(" ,"&INDEX($B$2:$B$501,MATCH($I106&AB$1,$F$2:$F$501,0)),"") | AC106: =IFERROR(" ,"&INDEX($B$2:$B$501,MATCH($I106&AC$1,$F$2:$F$501,0)),"") | AD106: =IFERROR(" ,"&INDEX($B$2:$B$501,MATCH($I106&AD$1,$F$2:$F$501,0)),"") | AE106: =IFERROR(" ,"&INDEX($B$2:$B$501,MATCH($I106&AE$1,$F$2:$F$501,0)),"") | AF106: =IFERROR(" ,"&INDEX($B$2:$B$501,MATCH($I106&AF$1,$F$2:$F$501,0)),"") | AV106: 105 | AW106: MARCELO ELETRICISTA | BM106: 105 | BN106: MARCELO ELETRICISTA | BO106: =VLOOKUP(BM106,A:B,2,0) -> MARCELO ELETRICISTA | BP106: =BO106=BN106 -> TRUE
A107: 106 | B107: UEVERTON L FERREIRA pg | C107: 2672706341 | D107: ok | E107: =COUNTIF($C$1:C107,C107) -> 3 | F107: =C107&E107 -> 26727063413 | G107: =IF(IFERROR(FIND("pg",LOWER(B107)),0)=0,0,1) -> 1 | H107: =IF(IFERROR(FIND("(f)",LOWER(B107)),0)=0,0,1) -> 0 | I107: 2032401199 | J107: =COUNTIF(C:C,I107) -> 4 | K107: =COUNTIFS(C:C,I107,G:G,1)+COUNTIFS(C:C,I107,H:H,1) -> 4 | L107: =CONCATENATE(P107,Q107,R107,S107,T107,U107,V107,) -> 195, 255, 264, 466 | M107: =CONCATENATE(Z107,AA107,AB107,AC107,AD107,AE107,AF107) -> Iza pg ,Iza pg ,Iza (f) ,Iza (amiga do juca) pg | N107: =J107-K107 -> 0 | P107: =IFERROR(INDEX($A$2:$A$501,MATCH($I107&P$1,$F$2:$F$501,0)),"") -> 195 | Q107: =IFERROR(", "&INDEX($A$2:$A$501,MATCH($I107&Q$1,$F$2:$F$501,0)),"") -> , 255 | R107: =IFERROR(", "&INDEX($A$2:$A$501,MATCH($I107&R$1,$F$2:$F$501,0)),"") -> , 264 | S107: =IFERROR(", "&INDEX($A$2:$A$501,MATCH($I107&S$1,$F$2:$F$501,0)),"") -> , 466 | T107: =IFERROR(", "&INDEX($A$2:$A$501,MATCH($I107&T$1,$F$2:$F$501,0)),"") | U107: =IFERROR(", "&INDEX($A$2:$A$501,MATCH($I107&U$1,$F$2:$F$501,0)),"") | V107: =IFERROR(", "&INDEX($A$2:$A$501,MATCH($I107&V$1,$F$2:$F$501,0)),"") | Z107: =IFERROR(INDEX($B$2:$B$501,MATCH($I107&Z$1,$F$2:$F$501,0)),"") -> Iza pg | AA107: =IFERROR(" ,"&INDEX($B$2:$B$501,MATCH($I107&AA$1,$F$2:$F$501,0)),"") -> ,Iza pg | AB107: =IFERROR(" ,"&INDEX($B$2:$B$501,MATCH($I107&AB$1,$F$2:$F$501,0)),"") -> ,Iza (f) | AC107: =IFERROR(" ,"&INDEX($B$2:$B$501,MATCH($I107&AC$1,$F$2:$F$501,0)),"") -> ,Iza (amiga do juca) pg | AD107: =IFERROR(" ,"&INDEX($B$2:$B$501,MATCH($I107&AD$1,$F$2:$F$501,0)),"") | AE107: =IFERROR(" ,"&INDEX($B$2:$B$501,MATCH($I107&AE$1,$F$2:$F$501,0)),"") | AF107: =IFERROR(" ,"&INDEX($B$2:$B$501,MATCH($I107&AF$1,$F$2:$F$501,0)),"") | AV107: 106 | AW107: UEVERTON L FERREIRA | BM107: 106 | BN107: UEVERTON L FERREIRA pg | BO107: =VLOOKUP(BM107,A:B,2,0) -> UEVERTON L FERREIRA pg | BP107: =BO107=BN107 -> TRUE
A108: 107 | B108: RENATO ANDRADE | D108: não loc | E108: =COUNTIF($C$1:C108,C108) -> 0 | F108: =C108&E108 -> 0 | G108: =IF(IFERROR(FIND("pg",LOWER(B108)),0)=0,0,1) -> 0 | H108: =IF(IFERROR(FIND("(f)",LOWER(B108)),0)=0,0,1) -> 0 | I108: 2034503366 | J108: =COUNTIF(C:C,I108) -> 1 | K108: =COUNTIFS(C:C,I108,G:G,1)+COUNTIFS(C:C,I108,H:H,1) -> 1 | L108: =CONCATENATE(P108,Q108,R108,S108,T108,U108,V108,) -> 197 | M108: =CONCATENATE(Z108,AA108,AB108,AC108,AD108,AE108,AF108) -> WADSON FRANCO pg | N108: =J108-K108 -> 0 | P108: =IFERROR(INDEX($A$2:$A$501,MATCH($I108&P$1,$F$2:$F$501,0)),"") -> 197 | Q108: =IFERROR(", "&INDEX($A$2:$A$501,MATCH($I108&Q$1,$F$2:$F$501,0)),"") | R108: =IFERROR(", "&INDEX($A$2:$A$501,MATCH($I108&R$1,$F$2:$F$501,0)),"") | S108: =IFERROR(", "&INDEX($A$2:$A$501,MATCH($I108&S$1,$F$2:$F$501,0)),"") | T108: =IFERROR(", "&INDEX($A$2:$A$501,MATCH($I108&T$1,$F$2:$F$501,0)),"") | U108: =IFERROR(", "&INDEX($A$2:$A$501,MATCH($I108&U$1,$F$2:$F$501,0)),"") | V108: =IFERROR(", "&INDEX($A$2:$A$501,MATCH($I108&V$1,$F$2:$F$501,0)),"") | Z108: =IFERROR(INDEX($B$2:$B$501,MATCH($I108&Z$1,$F$2:$F$501,0)),"") -> WADSON FRANCO pg | AA108: =IFERROR(" ,"&INDEX($B$2:$B$501,MATCH($I108&AA$1,$F$2:$F$501,0)),"") | AB108: =IFERROR(" ,"&INDEX($B$2:$B$501,MATCH($I108&AB$1,$F$2:$F$501,0)),"") | AC108: =IFERROR(" ,"&INDEX($B$2:$B$501,MATCH($I108&AC$1,$F$2:$F$501,0)),"") | AD108: =IFERROR(" ,"&INDEX($B$2:$B$501,MATCH($I108&AD$1,$F$2:$F$501,0)),"") | AE108: =IFERROR(" ,"&INDEX($B$2:$B$501,MATCH($I108&AE$1,$F$2:$F$501,0)),"") | AF108: =IFERROR(" ,"&INDEX($B$2:$B$501,MATCH($I108&AF$1,$F$2:$F$501,0)),"") | AV108: 107 | AW108: RENATO ANDRADE | BM108: 107 | BN108: RENATO ANDRADE | BO108: =VLOOKUP(BM108,A:B,2,0) -> RENATO ANDRADE | BP108: =BO108=BN108 -> TRUE
A109: 108 | B109: WIGNER LIMA | C109: 2032432447 | D109: ok | E109: =COUNTIF($C$1:C109,C109) -> 1 | F109: =C109&E109 -> 20324324471 | G109: =IF(IFERROR(FIND("pg",LOWER(B109)),0)=0,0,1) -> 0 | H109: =IF(IFERROR(FIND("(f)",LOWER(B109)),0)=0,0,1) -> 0 | I109: 9148048287 | J109: =COUNTIF(C:C,I109) -> 2 | K109: =COUNTIFS(C:C,I109,G:G,1)+COUNTIFS(C:C,I109,H:H,1) -> 0 | L109: =CONCATENATE(P109,Q109,R109,S109,T109,U109,V109,) -> 199, 499 | M109: =CONCATENATE(Z109,AA109,AB109,AC109,AD109,AE109,AF109) -> TIA VERA ,TIA VERA | N109: =J109-K109 -> 2 | P109: =IFERROR(INDEX($A$2:$A$501,MATCH($I109&P$1,$F$2:$F$501,0)),"") -> 199 | Q109: =IFERROR(", "&INDEX($A$2:$A$501,MATCH($I109&Q$1,$F$2:$F$501,0)),"") -> , 499 | R109: =IFERROR(", "&INDEX($A$2:$A$501,MATCH($I109&R$1,$F$2:$F$501,0)),"") | S109: =IFERROR(", "&INDEX($A$2:$A$501,MATCH($I109&S$1,$F$2:$F$501,0)),"") | T109: =IFERROR(", "&INDEX($A$2:$A$501,MATCH($I109&T$1,$F$2:$F$501,0)),"") | U109: =IFERROR(", "&INDEX($A$2:$A$501,MATCH($I109&U$1,$F$2:$F$501,0)),"") | V109: =IFERROR(", "&INDEX($A$2:$A$501,MATCH($I109&V$1,$F$2:$F$501,0)),"") | Z109: =IFERROR(INDEX($B$2:$B$501,MATCH($I109&Z$1,$F$2:$F$501,0)),"") -> TIA VERA | AA109: =IFERROR(" ,"&INDEX($B$2:$B$501,MATCH($I109&AA$1,$F$2:$F$501,0)),"") -> ,TIA VERA | AB109: =IFERROR(" ,"&INDEX($B$2:$B$501,MATCH($I109&AB$1,$F$2:$F$501,0)),"") | AC109: =IFERROR(" ,"&INDEX($B$2:$B$501,MATCH($I109&AC$1,$F$2:$F$501,0)),"") | AD109: =IFERROR(" ,"&INDEX($B$2:$B$501,MATCH($I109&AD$1,$F$2:$F$501,0)),"") | AE109: =IFERROR(" ,"&INDEX($B$2:$B$501,MATCH($I109&AE$1,$F$2:$F$501,0)),"") | AF109: =IFERROR(" ,"&INDEX($B$2:$B$501,MATCH($I109&AF$1,$F$2:$F$501,0)),"") | AV109: 108 | AW109: WIGNER LIMA | BM109: 108 | BN109: WIGNER LIMA | BO109: =VLOOKUP(BM109,A:B,2,0) -> WIGNER LIMA | BP109: =BO109=BN109 -> TRUE
A110: 109 | B110: IURI | D110: não loc | E110: =COUNTIF($C$1:C110,C110) -> 0 | F110: =C110&E110 -> 0 | G110: =IF(IFERROR(FIND("pg",LOWER(B110)),0)=0,0,1) -> 0 | H110: =IF(IFERROR(FIND("(f)",LOWER(B110)),0)=0,0,1) -> 0 | I110: 9144478366 | J110: =COUNTIF(C:C,I110) -> 1 | K110: =COUNTIFS(C:C,I110,G:G,1)+COUNTIFS(C:C,I110,H:H,1) -> 0 | L110: =CONCATENATE(P110,Q110,R110,S110,T110,U110,V110,) -> 200 | M110: =CONCATENATE(Z110,AA110,AB110,AC110,AD110,AE110,AF110) -> Ricardo Souza | N110: =J110-K110 -> 1 | P110: =IFERROR(INDEX($A$2:$A$501,MATCH($I110&P$1,$F$2:$F$501,0)),"") -> 200 | Q110: =IFERROR(", "&INDEX($A$2:$A$501,MATCH($I110&Q$1,$F$2:$F$501,0)),"") | R110: =IFERROR(", "&INDEX($A$2:$A$501,MATCH($I110&R$1,$F$2:$F$501,0)),"") | S110: =IFERROR(", "&INDEX($A$2:$A$501,MATCH($I110&S$1,$F$2:$F$501,0)),"") | T110: =IFERROR(", "&INDEX($A$2:$A$501,MATCH($I110&T$1,$F$2:$F$501,0)),"") | U110: =IFERROR(", "&INDEX($A$2:$A$501,MATCH($I110&U$1,$F$2:$F$501,0)),"") | V110: =IFERROR(", "&INDEX($A$2:$A$501,MATCH($I110&V$1,$F$2:$F$501,0)),"") | Z110: =IFERROR(INDEX($B$2:$B$501,MATCH($I110&Z$1,$F$2:$F$501,0)),"") -> Ricardo Souza | AA110: =IFERROR(" ,"&INDEX($B$2:$B$501,MATCH($I110&AA$1,$F$2:$F$501,0)),"") | AB110: =IFERROR(" ,"&INDEX($B$2:$B$501,MATCH($I110&AB$1,$F$2:$F$501,0)),"") | AC110: =IFERROR(" ,"&INDEX($B$2:$B$501,MATCH($I110&AC$1,$F$2:$F$501,0)),"") | AD110: =IFERROR(" ,"&INDEX($B$2:$B$501,MATCH($I110&AD$1,$F$2:$F$501,0)),"") | AE110: =IFERROR(" ,"&INDEX($B$2:$B$501,MATCH($I110&AE$1,$F$2:$F$501,0)),"") | AF110: =IFERROR(" ,"&INDEX($B$2:$B$501,MATCH($I110&AF$1,$F$2:$F$501,0)),"") | AV110: 109 | AW110: IURI | BM110: 109 | BN110: IURI | BO110: =VLOOKUP(BM110,A:B,2,0) -> IURI | BP110: =BO110=BN110 -> TRUE
A111: 110 | B111: JESSICA pg | C111: 2038185657 | D111: ok | E111: =COUNTIF($C$1:C111,C111) -> 2 | F111: =C111&E111 -> 20381856572 | G111: =IF(IFERROR(FIND("pg",LOWER(B111)),0)=0,0,1) -> 1 | H111: =IF(IFERROR(FIND("(f)",LOWER(B111)),0)=0,0,1) -> 0 | I111: 2036192141 | J111: =COUNTIF(C:C,I111) -> 1 | K111: =COUNTIFS(C:C,I111,G:G,1)+COUNTIFS(C:C,I111,H:H,1) -> 0 | L111: =CONCATENATE(P111,Q111,R111,S111,T111,U111,V111,) -> 201 | M111: =CONCATENATE(Z111,AA111,AB111,AC111,AD111,AE111,AF111) -> FABIAN | N111: =J111-K111 -> 1 | P111: =IFERROR(INDEX($A$2:$A$501,MATCH($I111&P$1,$F$2:$F$501,0)),"") -> 201 | Q111: =IFERROR(", "&INDEX($A$2:$A$501,MATCH($I111&Q$1,$F$2:$F$501,0)),"") | R111: =IFERROR(", "&INDEX($A$2:$A$501,MATCH($I111&R$1,$F$2:$F$501,0)),"") | S111: =IFERROR(", "&INDEX($A$2:$A$501,MATCH($I111&S$1,$F$2:$F$501,0)),"") | T111: =IFERROR(", "&INDEX($A$2:$A$501,MATCH($I111&T$1,$F$2:$F$501,0)),"") | U111: =IFERROR(", "&INDEX($A$2:$A$501,MATCH($I111&U$1,$F$2:$F$501,0)),"") | V111: =IFERROR(", "&INDEX($A$2:$A$501,MATCH($I111&V$1,$F$2:$F$501,0)),"") | Z111: =IFERROR(INDEX($B$2:$B$501,MATCH($I111&Z$1,$F$2:$F$501,0)),"") -> FABIAN | AA111: =IFERROR(" ,"&INDEX($B$2:$B$501,MATCH($I111&AA$1,$F$2:$F$501,0)),"") | AB111: =IFERROR(" ,"&INDEX($B$2:$B$501,MATCH($I111&AB$1,$F$2:$F$501,0)),"") | AC111: =IFERROR(" ,"&INDEX($B$2:$B$501,MATCH($I111&AC$1,$F$2:$F$501,0)),"") | AD111: =IFERROR(" ,"&INDEX($B$2:$B$501,MATCH($I111&AD$1,$F$2:$F$501,0)),"") | AE111: =IFERROR(" ,"&INDEX($B$2:$B$501,MATCH($I111&AE$1,$F$2:$F$501,0)),"") | AF111: =IFERROR(" ,"&INDEX($B$2:$B$501,MATCH($I111&AF$1,$F$2:$F$501,0)),"") | AV111: 110 | AW111: JESSICA pg | BM111: 110 | BN111: JESSICA pg | BO111: =VLOOKUP(BM111,A:B,2,0) -> JESSICA pg | BP111: =BO111=BN111 -> TRUE
A112: 111 | B112: RONAN pg | C112: 9148302799 | D112: ok | E112: =COUNTIF($C$1:C112,C112) -> 1 | F112: =C112&E112 -> 91483027991 | G112: =IF(IFERROR(FIND("pg",LOWER(B112)),0)=0,0,1) -> 1 | H112: =IF(IFERROR(FIND("(f)",LOWER(B112)),0)=0,0,1) -> 0 | I112: 2038220554 | J112: =COUNTIF(C:C,I112) -> 1 | K112: =COUNTIFS(C:C,I112,G:G,1)+COUNTIFS(C:C,I112,H:H,1) -> 1 | L112: =CONCATENATE(P112,Q112,R112,S112,T112,U112,V112,) -> 203 | M112: =CONCATENATE(Z112,AA112,AB112,AC112,AD112,AE112,AF112) -> ERIQUE DE FIGUEREDO pg | N112: =J112-K112 -> 0 | P112: =IFERROR(INDEX($A$2:$A$501,MATCH($I112&P$1,$F$2:$F$501,0)),"") -> 203 | Q112: =IFERROR(", "&INDEX($A$2:$A$501,MATCH($I112&Q$1,$F$2:$F$501,0)),"") | R112: =IFERROR(", "&INDEX($A$2:$A$501,MATCH($I112&R$1,$F$2:$F$501,0)),"") | S112: =IFERROR(", "&INDEX($A$2:$A$501,MATCH($I112&S$1,$F$2:$F$501,0)),"") | T112: =IFERROR(", "&INDEX($A$2:$A$501,MATCH($I112&T$1,$F$2:$F$501,0)),"") | U112: =IFERROR(", "&INDEX($A$2:$A$501,MATCH($I112&U$1,$F$2:$F$501,0)),"") | V112: =IFERROR(", "&INDEX($A$2:$A$501,MATCH($I112&V$1,$F$2:$F$501,0)),"") | Z112: =IFERROR(INDEX($B$2:$B$501,MATCH($I112&Z$1,$F$2:$F$501,0)),"") -> ERIQUE DE FIGUEREDO pg | AA112: =IFERROR(" ,"&INDEX($B$2:$B$501,MATCH($I112&AA$1,$F$2:$F$501,0)),"") | AB112: =IFERROR(" ,"&INDEX($B$2:$B$501,MATCH($I112&AB$1,$F$2:$F$501,0)),"") | AC112: =IFERROR(" ,"&INDEX($B$2:$B$501,MATCH($I112&AC$1,$F$2:$F$501,0)),"") | AD112: =IFERROR(" ,"&INDEX($B$2:$B$501,MATCH($I112&AD$1,$F$2:$F$501,0)),"") | AE112: =IFERROR(" ,"&INDEX($B$2:$B$501,MATCH($I112&AE$1,$F$2:$F$501,0)),"") | AF112: =IFERROR(" ,"&INDEX($B$2:$B$501,MATCH($I112&AF$1,$F$2:$F$501,0)),"") | AV112: 111 | AW112: RONAN | BM112: 111 | BN112: RONAN pg | BO112: =VLOOKUP(BM112,A:B,2,0) -> RONAN pg | BP112: =BO112=BN112 -> TRUE
A113: 112 | B113: MARCOS VINICIUS pg | C113: 6313360222 | D113: ok | E113: =COUNTIF($C$1:C113,C113) -> 1 | F113: =C113&E113 -> 63133602221 | G113: =IF(IFERROR(FIND("pg",LOWER(B113)),0)=0,0,1) -> 1 | H113: =IF(IFERROR(FIND("(f)",LOWER(B113)),0)=0,0,1) -> 0 | I113: 9147558956 | J113: =COUNTIF(C:C,I113) -> 3 | K113: =COUNTIFS(C:C,I113,G:G,1)+COUNTIFS(C:C,I113,H:H,1) -> 0 | L113: =CONCATENATE(P113,Q113,R113,S113,T113,U113,V113,) -> 209, 210, 220 | M113: =CONCATENATE(Z113,AA113,AB113,AC113,AD113,AE113,AF113) -> TIAGO ARAUJO ,TIAGO ARAUJO ,TIAGO ARAUJO | N113: =J113-K113 -> 3 | P113: =IFERROR(INDEX($A$2:$A$501,MATCH($I113&P$1,$F$2:$F$501,0)),"") -> 209 | Q113: =IFERROR(", "&INDEX($A$2:$A$501,MATCH($I113&Q$1,$F$2:$F$501,0)),"") -> , 210 | R113: =IFERROR(", "&INDEX($A$2:$A$501,MATCH($I113&R$1,$F$2:$F$501,0)),"") -> , 220 | S113: =IFERROR(", "&INDEX($A$2:$A$501,MATCH($I113&S$1,$F$2:$F$501,0)),"") | T113: =IFERROR(", "&INDEX($A$2:$A$501,MATCH($I113&T$1,$F$2:$F$501,0)),"") | U113: =IFERROR(", "&INDEX($A$2:$A$501,MATCH($I113&U$1,$F$2:$F$501,0)),"") | V113: =IFERROR(", "&INDEX($A$2:$A$501,MATCH($I113&V$1,$F$2:$F$501,0)),"") | Z113: =IFERROR(INDEX($B$2:$B$501,MATCH($I113&Z$1,$F$2:$F$501,0)),"") -> TIAGO ARAUJO | AA113: =IFERROR(" ,"&INDEX($B$2:$B$501,MATCH($I113&AA$1,$F$2:$F$501,0)),"") -> ,TIAGO ARAUJO | AB113: =IFERROR(" ,"&INDEX($B$2:$B$501,MATCH($I113&AB$1,$F$2:$F$501,0)),"") -> ,TIAGO ARAUJO | AC113: =IFERROR(" ,"&INDEX($B$2:$B$501,MATCH($I113&AC$1,$F$2:$F$501,0)),"") | AD113: =IFERROR(" ,"&INDEX($B$2:$B$501,MATCH($I113&AD$1,$F$2:$F$501,0)),"") | AE113: =IFERROR(" ,"&INDEX($B$2:$B$501,MATCH($I113&AE$1,$F$2:$F$501,0)),"") | AF113: =IFERROR(" ,"&INDEX($B$2:$B$501,MATCH($I113&AF$1,$F$2:$F$501,0)),"") | AV113: 112 | AW113: MARCOS VINICIUS pg | BM113: 112 | BN113: MARCOS VINICIUS pg | BO113: =VLOOKUP(BM113,A:B,2,0) -> MARCOS VINICIUS pg | BP113: =BO113=BN113 -> TRUE
...

Sheet base
A1: =Original!I1 -> TELEFONE | B1: =Original!J1 -> QTD DE NUMEROS | C1: =Original!K1 -> QTD PAGOS | D1: =Original!L1 -> NUMEROS ESCOLHIDOS | E1: =Original!M1 -> NOMES ESCOLHIDOS | F1: status | G1: x | H1: x | I1: url | J1: 9143629635
A2: =Original!I30 -> 4759884337 | B2: =Original!J30 -> 1 | C2: =Original!K30 -> 0 | D2: =Original!L30 -> 42 | E2: =Original!M30 -> ALESSANDRO BARBOSA (LEO BAIA) | F2: =IF(VLOOKUP(A2,Original!I:N,6,0)=0,"Já pagou","Falta pagar") -> Falta pagar | G2: ="Boa tarde boa tarde!! "&IF(B2>1,"Seus números da rifa são os ","Seu número da rifa é o ")&D2&" referente ao Carro e Jetski no primeiro lugar .O Zelle para pagamento é o 9143629635. Estou fazendo a última chamada para recolher o valor e aguardamos "&"seu retorno até domingo, e caso nao consiga retornar, vamos disponibilizar os numeros na rifa. Obrigado 🙏 boa sorte 🍀 "&"Caso tenha pago esses numeros, por gentileza enviar o comprovante para atualizar a lista." -> Boa tarde boa tarde!! Seu número da rifa é o 42 referente ao Carro e Jetski no primeiro lugar .O Zelle para pagamento é o 9143629635. Estou fazendo a última chamada para recolher o valor e aguardamos seu retorno até domingo, e caso nao consiga retornar, vamos disponibilizar os numeros na rifa. Obrigado 🙏 boa sorte 🍀 Caso tenha pago esses numeros, por gentileza enviar o comprovante para atualizar a lista. | H2: =SUBSTITUTE( SUBSTITUTE( SUBSTITUTE( SUBSTITUTE( SUBSTITUTE( SUBSTITUTE(G2," ","%20"), CHAR(10),"%0A"), """","%22"), "&","%26"), ":","%3A"), "/","%2F") -> Boa%20tarde%20boa%20tarde!!%20Seu%20número%20da%20rifa%20é%20o%2042%20referente%20ao%20Carro%20e%20Jetski%20no%20primeiro%20lugar%20.O%20Zelle%20para%20pagamento%20é%20o%209143629635.%20Estou%20fazendo%20a%20última%20chamada%20para%20recolher%20o%20valor%20e%20aguardamos%20seu%20retorno%20até%20domingo,%20e%20caso%20nao%20consiga%20retornar,%20vamos%20disponibilizar%20os%20numeros%20na%20rifa.%20Obrigado%20🙏%20boa%20sorte%20🍀%20Caso%20tenha%20pago%20esses%20numeros,%20por%20gentileza%20enviar%20o%20comprovante%20para%20atualizar%20a%20lista. | I2: ="https://web.whatsapp.com/send/?phone="&IF(LEFT(A2,2)="55","","1")&A2&"&text="&H2 -> https://web.whatsapp.com/send/?phone=14759884337&text=Boa%20tarde%20boa%20tarde!!%20Seu%20número%20da%20rifa%20é%20o%2042%20referente%20ao%20Carro%20e%20Jetski%20no%20primeiro%20lugar%20.O%20Zelle%20para%20pagamento%20é%20o%209143629635.%20Estou%20fazendo%20a%20última%20chamada%20para%20recolher%20o%20valor%20e%20aguardamos%20seu%20retorno%20até%20domingo,%20e%20caso%20nao%20consiga%20retornar,%20vamos%20disponibilizar%20os%20numeros%20na%20rifa.%20Obrigado%20🙏%20boa%20sorte%20🍀%20Caso%20tenha%20pago%20esses%20numeros,%20por%20gentileza%20enviar%20o%20comprovante%20para%20atualizar%20a%20lista.
A3: =Original!I31 -> 5511992712403 | B3: =Original!J31 -> 1 | C3: =Original!K31 -> 0 | D3: =Original!L31 -> 43 | E3: =Original!M31 -> IGOR | F3: =IF(VLOOKUP(A3,Original!I:N,6,0)=0,"Já pagou","Falta pagar") -> Falta pagar | G3: ="Boa tarde boa tarde!! "&IF(B3>1,"Seus números da rifa são os ","Seu número da rifa é o ")&D3&" referente ao Carro e Jetski no primeiro lugar .O Zelle para pagamento é o 9143629635. Estou fazendo a última chamada para recolher o valor e aguardamos "&"seu retorno até domingo, e caso nao consiga retornar, vamos disponibilizar os numeros na rifa. Obrigado 🙏 boa sorte 🍀 "&"Caso tenha pago esses numeros, por gentileza enviar o comprovante para atualizar a lista." -> Boa tarde boa tarde!! Seu número da rifa é o 43 referente ao Carro e Jetski no primeiro lugar .O Zelle para pagamento é o 9143629635. Estou fazendo a última chamada para recolher o valor e aguardamos seu retorno até domingo, e caso nao consiga retornar, vamos disponibilizar os numeros na rifa. Obrigado 🙏 boa sorte 🍀 Caso tenha pago esses numeros, por gentileza enviar o comprovante para atualizar a lista. | H3: =SUBSTITUTE( SUBSTITUTE( SUBSTITUTE( SUBSTITUTE( SUBSTITUTE( SUBSTITUTE(G3," ","%20"), CHAR(10),"%0A"), """","%22"), "&","%26"), ":","%3A"), "/","%2F") -> Boa%20tarde%20boa%20tarde!!%20Seu%20número%20da%20rifa%20é%20o%2043%20referente%20ao%20Carro%20e%20Jetski%20no%20primeiro%20lugar%20.O%20Zelle%20para%20pagamento%20é%20o%209143629635.%20Estou%20fazendo%20a%20última%20chamada%20para%20recolher%20o%20valor%20e%20aguardamos%20seu%20retorno%20até%20domingo,%20e%20caso%20nao%20consiga%20retornar,%20vamos%20disponibilizar%20os%20numeros%20na%20rifa.%20Obrigado%20🙏%20boa%20sorte%20🍀%20Caso%20tenha%20pago%20esses%20numeros,%20por%20gentileza%20enviar%20o%20comprovante%20para%20atualizar%20a%20lista. | I3: ="https://web.whatsapp.com/send/?phone="&IF(LEFT(A3,2)="55","","1")&A3&"&text="&H3 -> https://web.whatsapp.com/send/?phone=5511992712403&text=Boa%20tarde%20boa%20tarde!!%20Seu%20número%20da%20rifa%20é%20o%2043%20referente%20ao%20Carro%20e%20Jetski%20no%20primeiro%20lugar%20.O%20Zelle%20para%20pagamento%20é%20o%209143629635.%20Estou%20fazendo%20a%20última%20chamada%20para%20recolher%20o%20valor%20e%20aguardamos%20seu%20retorno%20até%20domingo,%20e%20caso%20nao%20consiga%20retornar,%20vamos%20disponibilizar%20os%20numeros%20na%20rifa.%20Obrigado%20🙏%20boa%20sorte%20🍀%20Caso%20tenha%20pago%20esses%20numeros,%20por%20gentileza%20enviar%20o%20comprovante%20para%20atualizar%20a%20lista.
A4: =Original!I32 -> 2033607352 | B4: =Original!J32 -> 3 | C4: =Original!K32 -> 0 | D4: =Original!L32 -> 28, 44, 137 | E4: =Original!M32 -> WELVERTON ,CRISTIANO ,CRISTIANO | F4: =IF(VLOOKUP(A4,Original!I:N,6,0)=0,"Já pagou","Falta pagar") -> Falta pagar | G4: ="Boa tarde boa tarde!! "&IF(B4>1,"Seus números da rifa são os ","Seu número da rifa é o ")&D4&" referente ao Carro e Jetski no primeiro lugar .O Zelle para pagamento é o 9143629635. Estou fazendo a última chamada para recolher o valor e aguardamos "&"seu retorno até domingo, e caso nao consiga retornar, vamos disponibilizar os numeros na rifa. Obrigado 🙏 boa sorte 🍀 "&"Caso tenha pago esses numeros, por gentileza enviar o comprovante para atualizar a lista." -> Boa tarde boa tarde!! Seus números da rifa são os 28, 44, 137 referente ao Carro e Jetski no primeiro lugar .O Zelle para pagamento é o 9143629635. Estou fazendo a última chamada para recolher o valor e aguardamos seu retorno até domingo, e caso nao consiga retornar, vamos disponibilizar os numeros na rifa. Obrigado 🙏 boa sorte 🍀 Caso tenha pago esses numeros, por gentileza enviar o comprovante para atualizar a lista. | H4: =SUBSTITUTE( SUBSTITUTE( SUBSTITUTE( SUBSTITUTE( SUBSTITUTE( SUBSTITUTE(G4," ","%20"), CHAR(10),"%0A"), """","%22"), "&","%26"), ":","%3A"), "/","%2F") -> Boa%20tarde%20boa%20tarde!!%20Seus%20números%20da%20rifa%20são%20os%2028,%2044,%20137%20referente%20ao%20Carro%20e%20Jetski%20no%20primeiro%20lugar%20.O%20Zelle%20para%20pagamento%20é%20o%209143629635.%20Estou%20fazendo%20a%20última%20chamada%20para%20recolher%20o%20valor%20e%20aguardamos%20seu%20retorno%20até%20domingo,%20e%20caso%20nao%20consiga%20retornar,%20vamos%20disponibilizar%20os%20numeros%20na%20rifa.%20Obrigado%20🙏%20boa%20sorte%20🍀%20Caso%20tenha%20pago%20esses%20numeros,%20por%20gentileza%20enviar%20o%20comprovante%20para%20atualizar%20a%20lista. | I4: ="https://web.whatsapp.com/send/?phone="&IF(LEFT(A4,2)="55","","1")&A4&"&text="&H4 -> https://web.whatsapp.com/send/?phone=12033607352&text=Boa%20tarde%20boa%20tarde!!%20Seus%20números%20da%20rifa%20são%20os%2028,%2044,%20137%20referente%20ao%20Carro%20e%20Jetski%20no%20primeiro%20lugar%20.O%20Zelle%20para%20pagamento%20é%20o%209143629635.%20Estou%20fazendo%20a%20última%20chamada%20para%20recolher%20o%20valor%20e%20aguardamos%20seu%20retorno%20até%20domingo,%20e%20caso%20nao%20consiga%20retornar,%20vamos%20disponibilizar%20os%20numeros%20na%20rifa.%20Obrigado%20🙏%20boa%20sorte%20🍀%20Caso%20tenha%20pago%20esses%20numeros,%20por%20gentileza%20enviar%20o%20comprovante%20para%20atualizar%20a%20lista.
A5: =Original!I33 -> 2038185657 | B5: =Original!J33 -> 2 | C5: =Original!K33 -> 2 | D5: =Original!L33 -> 46, 110 | E5: =Original!M33 -> JESSICA pg ,JESSICA pg | F5: =IF(VLOOKUP(A5,Original!I:N,6,0)=0,"Já pagou","Falta pagar") -> Já pagou | G5: ="Boa tarde boa tarde!! "&IF(B5>1,"Seus números da rifa são os ","Seu número da rifa é o ")&D5&" referente ao Carro e Jetski no primeiro lugar .O Zelle para pagamento é o 9143629635. Estou fazendo a última chamada para recolher o valor e aguardamos "&"seu retorno até domingo, e caso nao consiga retornar, vamos disponibilizar os numeros na rifa. Obrigado 🙏 boa sorte 🍀 "&"Caso tenha pago esses numeros, por gentileza enviar o comprovante para atualizar a lista." -> Boa tarde boa tarde!! Seus números da rifa são os 46, 110 referente ao Carro e Jetski no primeiro lugar .O Zelle para pagamento é o 9143629635. Estou fazendo a última chamada para recolher o valor e aguardamos seu retorno até domingo, e caso nao consiga retornar, vamos disponibilizar os numeros na rifa. Obrigado 🙏 boa sorte 🍀 Caso tenha pago esses numeros, por gentileza enviar o comprovante para atualizar a lista. | H5: =SUBSTITUTE( SUBSTITUTE( SUBSTITUTE( SUBSTITUTE( SUBSTITUTE( SUBSTITUTE(G5," ","%20"), CHAR(10),"%0A"), """","%22"), "&","%26"), ":","%3A"), "/","%2F") -> Boa%20tarde%20boa%20tarde!!%20Seus%20números%20da%20rifa%20são%20os%2046,%20110%20referente%20ao%20Carro%20e%20Jetski%20no%20primeiro%20lugar%20.O%20Zelle%20para%20pagamento%20é%20o%209143629635.%20Estou%20fazendo%20a%20última%20chamada%20para%20recolher%20o%20valor%20e%20aguardamos%20seu%20retorno%20até%20domingo,%20e%20caso%20nao%20consiga%20retornar,%20vamos%20disponibilizar%20os%20numeros%20na%20rifa.%20Obrigado%20🙏%20boa%20sorte%20🍀%20Caso%20tenha%20pago%20esses%20numeros,%20por%20gentileza%20enviar%20o%20comprovante%20para%20atualizar%20a%20lista. | I5: ="https://web.whatsapp.com/send/?phone="&IF(LEFT(A5,2)="55","","1")&A5&"&text="&H5 -> https://web.whatsapp.com/send/?phone=12038185657&text=Boa%20tarde%20boa%20tarde!!%20Seus%20números%20da%20rifa%20são%20os%2046,%20110%20referente%20ao%20Carro%20e%20Jetski%20no%20primeiro%20lugar%20.O%20Zelle%20para%20pagamento%20é%20o%209143629635.%20Estou%20fazendo%20a%20última%20chamada%20para%20recolher%20o%20valor%20e%20aguardamos%20seu%20retorno%20até%20domingo,%20e%20caso%20nao%20consiga%20retornar,%20vamos%20disponibilizar%20os%20numeros%20na%20rifa.%20Obrigado%20🙏%20boa%20sorte%20🍀%20Caso%20tenha%20pago%20esses%20numeros,%20por%20gentileza%20enviar%20o%20comprovante%20para%20atualizar%20a%20lista.
A6: =Original!I34 -> 2032122279 | B6: =Original!J34 -> 3 | C6: =Original!K34 -> 0 | D6: =Original!L34 -> 47, 470, 478 | E6: =Original!M34 -> JEREMIAS COSTA ,JEREMIAS COSTA ,JEREMIAS COSTA | F6: =IF(VLOOKUP(A6,Original!I:N,6,0)=0,"Já pagou","Falta pagar") -> Falta pagar | G6: ="Boa tarde boa tarde!! "&IF(B6>1,"Seus números da rifa são os ","Seu número da rifa é o ")&D6&" referente ao Carro e Jetski no primeiro lugar .O Zelle para pagamento é o 9143629635. Estou fazendo a última chamada para recolher o valor e aguardamos "&"seu retorno até domingo, e caso nao consiga retornar, vamos disponibilizar os numeros na rifa. Obrigado 🙏 boa sorte 🍀 "&"Caso tenha pago esses numeros, por gentileza enviar o comprovante para atualizar a lista." -> Boa tarde boa tarde!! Seus números da rifa são os 47, 470, 478 referente ao Carro e Jetski no primeiro lugar .O Zelle para pagamento é o 9143629635. Estou fazendo a última chamada para recolher o valor e aguardamos seu retorno até domingo, e caso nao consiga retornar, vamos disponibilizar os numeros na rifa. Obrigado 🙏 boa sorte 🍀 Caso tenha pago esses numeros, por gentileza enviar o comprovante para atualizar a lista. | H6: =SUBSTITUTE( SUBSTITUTE( SUBSTITUTE( SUBSTITUTE( SUBSTITUTE( SUBSTITUTE(G6," ","%20"), CHAR(10),"%0A"), """","%22"), "&","%26"), ":","%3A"), "/","%2F") -> Boa%20tarde%20boa%20tarde!!%20Seus%20números%20da%20rifa%20são%20os%2047,%20470,%20478%20referente%20ao%20Carro%20e%20Jetski%20no%20primeiro%20lugar%20.O%20Zelle%20para%20pagamento%20é%20o%209143629635.%20Estou%20fazendo%20a%20última%20chamada%20para%20recolher%20o%20valor%20e%20aguardamos%20seu%20retorno%20até%20domingo,%20e%20caso%20nao%20consiga%20retornar,%20vamos%20disponibilizar%20os%20numeros%20na%20rifa.%20Obrigado%20🙏%20boa%20sorte%20🍀%20Caso%20tenha%20pago%20esses%20numeros,%20por%20gentileza%20enviar%20o%20comprovante%20para%20atualizar%20a%20lista. | I6: ="https://web.whatsapp.com/send/?phone="&IF(LEFT(A6,2)="55","","1")&A6&"&text="&H6 -> https://web.whatsapp.com/send/?phone=12032122279&text=Boa%20tarde%20boa%20tarde!!%20Seus%20números%20da%20rifa%20são%20os%2047,%20470,%20478%20referente%20ao%20Carro%20e%20Jetski%20no%20primeiro%20lugar%20.O%20Zelle%20para%20pagamento%20é%20o%209143629635.%20Estou%20fazendo%20a%20última%20chamada%20para%20recolher%20o%20valor%20e%20aguardamos%20seu%20retorno%20até%20domingo,%20e%20caso%20nao%20consiga%20retornar,%20vamos%20disponibilizar%20os%20numeros%20na%20rifa.%20Obrigado%20🙏%20boa%20sorte%20🍀%20Caso%20tenha%20pago%20esses%20numeros,%20por%20gentileza%20enviar%20o%20comprovante%20para%20atualizar%20a%20lista.
A7: =Original!I35 -> 2038148765 | B7: =Original!J35 -> 1 | C7: =Original!K35 -> 0 | D7: =Original!L35 -> 48 | E7: =Original!M35 -> MARCIO CARVALHO | F7: =IF(VLOOKUP(A7,Original!I:N,6,0)=0,"Já pagou","Falta pagar") -> Falta pagar | G7: ="Boa tarde boa tarde!! "&IF(B7>1,"Seus números da rifa são os ","Seu número da rifa é o ")&D7&" referente ao Carro e Jetski no primeiro lugar .O Zelle para pagamento é o 9143629635. Estou fazendo a última chamada para recolher o valor e aguardamos "&"seu retorno até domingo, e caso nao consiga retornar, vamos disponibilizar os numeros na rifa. Obrigado 🙏 boa sorte 🍀 "&"Caso tenha pago esses numeros, por gentileza enviar o comprovante para atualizar a lista." -> Boa tarde boa tarde!! Seu número da rifa é o 48 referente ao Carro e Jetski no primeiro lugar .O Zelle para pagamento é o 9143629635. Estou fazendo a última chamada para recolher o valor e aguardamos seu retorno até domingo, e caso nao consiga retornar, vamos disponibilizar os numeros na rifa. Obrigado 🙏 boa sorte 🍀 Caso tenha pago esses numeros, por gentileza enviar o comprovante para atualizar a lista. | H7: =SUBSTITUTE( SUBSTITUTE( SUBSTITUTE( SUBSTITUTE( SUBSTITUTE( SUBSTITUTE(G7," ","%20"), CHAR(10),"%0A"), """","%22"), "&","%26"), ":","%3A"), "/","%2F") -> Boa%20tarde%20boa%20tarde!!%20Seu%20número%20da%20rifa%20é%20o%2048%20referente%20ao%20Carro%20e%20Jetski%20no%20primeiro%20lugar%20.O%20Zelle%20para%20pagamento%20é%20o%209143629635.%20Estou%20fazendo%20a%20última%20chamada%20para%20recolher%20o%20valor%20e%20aguardamos%20seu%20retorno%20até%20domingo,%20e%20caso%20nao%20consiga%20retornar,%20vamos%20disponibilizar%20os%20numeros%20na%20rifa.%20Obrigado%20🙏%20boa%20sorte%20🍀%20Caso%20tenha%20pago%20esses%20numeros,%20por%20gentileza%20enviar%20o%20comprovante%20para%20atualizar%20a%20lista. | I7: ="https://web.whatsapp.com/send/?phone="&IF(LEFT(A7,2)="55","","1")&A7&"&text="&H7 -> https://web.whatsapp.com/send/?phone=12038148765&text=Boa%20tarde%20boa%20tarde!!%20Seu%20número%20da%20rifa%20é%20o%2048%20referente%20ao%20Carro%20e%20Jetski%20no%20primeiro%20lugar%20.O%20Zelle%20para%20pagamento%20é%20o%209143629635.%20Estou%20fazendo%20a%20última%20chamada%20para%20recolher%20o%20valor%20e%20aguardamos%20seu%20retorno%20até%20domingo,%20e%20caso%20nao%20consiga%20retornar,%20vamos%20disponibilizar%20os%20numeros%20na%20rifa.%20Obrigado%20🙏%20boa%20sorte%20🍀%20Caso%20tenha%20pago%20esses%20numeros,%20por%20gentileza%20enviar%20o%20comprovante%20para%20atualizar%20a%20lista.
A8: =Original!I36 -> 2036679981 | B8: =Original!J36 -> 1 | C8: =Original!K36 -> 1 | D8: =Original!L36 -> 49 | E8: =Original!M36 -> RENE pg | F8: =IF(VLOOKUP(A8,Original!I:N,6,0)=0,"Já pagou","Falta pagar") -> Já pagou | G8: ="Boa tarde boa tarde!! "&IF(B8>1,"Seus números da rifa são os ","Seu número da rifa é o ")&D8&" referente ao Carro e Jetski no primeiro lugar .O Zelle para pagamento é o 9143629635. Estou fazendo a última chamada para recolher o valor e aguardamos "&"seu retorno até domingo, e caso nao consiga retornar, vamos disponibilizar os numeros na rifa. Obrigado 🙏 boa sorte 🍀 "&"Caso tenha pago esses numeros, por gentileza enviar o comprovante para atualizar a lista." -> Boa tarde boa tarde!! Seu número da rifa é o 49 referente ao Carro e Jetski no primeiro lugar .O Zelle para pagamento é o 9143629635. Estou fazendo a última chamada para recolher o valor e aguardamos seu retorno até domingo, e caso nao consiga retornar, vamos disponibilizar os numeros na rifa. Obrigado 🙏 boa sorte 🍀 Caso tenha pago esses numeros, por gentileza enviar o comprovante para atualizar a lista. | H8: =SUBSTITUTE( SUBSTITUTE( SUBSTITUTE( SUBSTITUTE( SUBSTITUTE( SUBSTITUTE(G8," ","%20"), CHAR(10),"%0A"), """","%22"), "&","%26"), ":","%3A"), "/","%2F") -> Boa%20tarde%20boa%20tarde!!%20Seu%20número%20da%20rifa%20é%20o%2049%20referente%20ao%20Carro%20e%20Jetski%20no%20primeiro%20lugar%20.O%20Zelle%20para%20pagamento%20é%20o%209143629635.%20Estou%20fazendo%20a%20última%20chamada%20para%20recolher%20o%20valor%20e%20aguardamos%20seu%20retorno%20até%20domingo,%20e%20caso%20nao%20consiga%20retornar,%20vamos%20disponibilizar%20os%20numeros%20na%20rifa.%20Obrigado%20🙏%20boa%20sorte%20🍀%20Caso%20tenha%20pago%20esses%20numeros,%20por%20gentileza%20enviar%20o%20comprovante%20para%20atualizar%20a%20lista. | I8: ="https://web.whatsapp.com/send/?phone="&IF(LEFT(A8,2)="55","","1")&A8&"&text="&H8 -> https://web.whatsapp.com/send/?phone=12036679981&text=Boa%20tarde%20boa%20tarde!!%20Seu%20número%20da%20rifa%20é%20o%2049%20referente%20ao%20Carro%20e%20Jetski%20no%20primeiro%20lugar%20.O%20Zelle%20para%20pagamento%20é%20o%209143629635.%20Estou%20fazendo%20a%20última%20chamada%20para%20recolher%20o%20valor%20e%20aguardamos%20seu%20retorno%20até%20domingo,%20e%20caso%20nao%20consiga%20retornar,%20vamos%20disponibilizar%20os%20numeros%20na%20rifa.%20Obrigado%20🙏%20boa%20sorte%20🍀%20Caso%20tenha%20pago%20esses%20numeros,%20por%20gentileza%20enviar%20o%20comprovante%20para%20atualizar%20a%20lista.
A9: =Original!I37 -> 9144399667 | B9: =Original!J37 -> 2 | C9: =Original!K37 -> 2 | D9: =Original!L37 -> 53, 65 | E9: =Original!M37 -> ALAN KARLA pg ,ALAN KARLA pg | F9: =IF(VLOOKUP(A9,Original!I:N,6,0)=0,"Já pagou","Falta pagar") -> Já pagou | G9: ="Boa tarde boa tarde!! "&IF(B9>1,"Seus números da rifa são os ","Seu número da rifa é o ")&D9&" referente ao Carro e Jetski no primeiro lugar .O Zelle para pagamento é o 9143629635. Estou fazendo a última chamada para recolher o valor e aguardamos "&"seu retorno até domingo, e caso nao consiga retornar, vamos disponibilizar os numeros na rifa. Obrigado 🙏 boa sorte 🍀 "&"Caso tenha pago esses numeros, por gentileza enviar o comprovante para atualizar a lista." -> Boa tarde boa tarde!! Seus números da rifa são os 53, 65 referente ao Carro e Jetski no primeiro lugar .O Zelle para pagamento é o 9143629635. Estou fazendo a última chamada para recolher o valor e aguardamos seu retorno até domingo, e caso nao consiga retornar, vamos disponibilizar os numeros na rifa. Obrigado 🙏 boa sorte 🍀 Caso tenha pago esses numeros, por gentileza enviar o comprovante para atualizar a lista. | H9: =SUBSTITUTE( SUBSTITUTE( SUBSTITUTE( SUBSTITUTE( SUBSTITUTE( SUBSTITUTE(G9," ","%20"), CHAR(10),"%0A"), """","%22"), "&","%26"), ":","%3A"), "/","%2F") -> Boa%20tarde%20boa%20tarde!!%20Seus%20números%20da%20rifa%20são%20os%2053,%2065%20referente%20ao%20Carro%20e%20Jetski%20no%20primeiro%20lugar%20.O%20Zelle%20para%20pagamento%20é%20o%209143629635.%20Estou%20fazendo%20a%20última%20chamada%20para%20recolher%20o%20valor%20e%20aguardamos%20seu%20retorno%20até%20domingo,%20e%20caso%20nao%20consiga%20retornar,%20vamos%20disponibilizar%20os%20numeros%20na%20rifa.%20Obrigado%20🙏%20boa%20sorte%20🍀%20Caso%20tenha%20pago%20esses%20numeros,%20por%20gentileza%20enviar%20o%20comprovante%20para%20atualizar%20a%20lista. | I9: ="https://web.whatsapp.com/send/?phone="&IF(LEFT(A9,2)="55","","1")&A9&"&text="&H9 -> https://web.whatsapp.com/send/?phone=19144399667&text=Boa%20tarde%20boa%20tarde!!%20Seus%20números%20da%20rifa%20são%20os%2053,%2065%20referente%20ao%20Carro%20e%20Jetski%20no%20primeiro%20lugar%20.O%20Zelle%20para%20pagamento%20é%20o%209143629635.%20Estou%20fazendo%20a%20última%20chamada%20para%20recolher%20o%20valor%20e%20aguardamos%20seu%20retorno%20até%20domingo,%20e%20caso%20nao%20consiga%20retornar,%20vamos%20disponibilizar%20os%20numeros%20na%20rifa.%20Obrigado%20🙏%20boa%20sorte%20🍀%20Caso%20tenha%20pago%20esses%20numeros,%20por%20gentileza%20enviar%20o%20comprovante%20para%20atualizar%20a%20lista.
A10: =Original!I38 -> 2039237387 | B10: =Original!J38 -> 3 | C10: =Original!K38 -> 3 | D10: =Original!L38 -> 56, 126, 242 | E10: =Original!M38 -> LUCIANO Serjao pg ,LUCIANO Serjao pg ,LUCIANO Serjao pg | F10: =IF(VLOOKUP(A10,Original!I:N,6,0)=0,"Já pagou","Falta pagar") -> Já pagou | G10: ="Boa tarde boa tarde!! "&IF(B10>1,"Seus números da rifa são os ","Seu número da rifa é o ")&D10&" referente ao Carro e Jetski no primeiro lugar .O Zelle para pagamento é o 9143629635. Estou fazendo a última chamada para recolher o valor e aguardamos "&"seu retorno até domingo, e caso nao consiga retornar, vamos disponibilizar os numeros na rifa. Obrigado 🙏 boa sorte 🍀 "&"Caso tenha pago esses numeros, por gentileza enviar o comprovante para atualizar a lista." -> Boa tarde boa tarde!! Seus números da rifa são os 56, 126, 242 referente ao Carro e Jetski no primeiro lugar .O Zelle para pagamento é o 9143629635. Estou fazendo a última chamada para recolher o valor e aguardamos seu retorno até domingo, e caso nao consiga retornar, vamos disponibilizar os numeros na rifa. Obrigado 🙏 boa sorte 🍀 Caso tenha pago esses numeros, por gentileza enviar o comprovante para atualizar a lista. | H10: =SUBSTITUTE( SUBSTITUTE( SUBSTITUTE( SUBSTITUTE( SUBSTITUTE( SUBSTITUTE(G10," ","%20"), CHAR(10),"%0A"), """","%22"), "&","%26"), ":","%3A"), "/","%2F") -> Boa%20tarde%20boa%20tarde!!%20Seus%20números%20da%20rifa%20são%20os%2056,%20126,%20242%20referente%20ao%20Carro%20e%20Jetski%20no%20primeiro%20lugar%20.O%20Zelle%20para%20pagamento%20é%20o%209143629635.%20Estou%20fazendo%20a%20última%20chamada%20para%20recolher%20o%20valor%20e%20aguardamos%20seu%20retorno%20até%20domingo,%20e%20caso%20nao%20consiga%20retornar,%20vamos%20disponibilizar%20os%20numeros%20na%20rifa.%20Obrigado%20🙏%20boa%20sorte%20🍀%20Caso%20tenha%20pago%20esses%20numeros,%20por%20gentileza%20enviar%20o%20comprovante%20para%20atualizar%20a%20lista. | I10: ="https://web.whatsapp.com/send/?phone="&IF(LEFT(A10,2)="55","","1")&A10&"&text="&H10 -> https://web.whatsapp.com/send/?phone=12039237387&text=Boa%20tarde%20boa%20tarde!!%20Seus%20números%20da%20rifa%20são%20os%2056,%20126,%20242%20referente%20ao%20Carro%20e%20Jetski%20no%20primeiro%20lugar%20.O%20Zelle%20para%20pagamento%20é%20o%209143629635.%20Estou%20fazendo%20a%20última%20chamada%20para%20recolher%20o%20valor%20e%20aguardamos%20seu%20retorno%20até%20domingo,%20e%20caso%20nao%20consiga%20retornar,%20vamos%20disponibilizar%20os%20numeros%20na%20rifa.%20Obrigado%20🙏%20boa%20sorte%20🍀%20Caso%20tenha%20pago%20esses%20numeros,%20por%20gentileza%20enviar%20o%20comprovante%20para%20atualizar%20a%20lista.
A11: =Original!I39 -> 2032570853 | B11: =Original!J39 -> 1 | C11: =Original!K39 -> 0 | D11: =Original!L39 -> 58 | E11: =Original!M39 -> MAZIM amigo cidmar | F11: =IF(VLOOKUP(A11,Original!I:N,6,0)=0,"Já pagou","Falta pagar") -> Falta pagar | G11: ="Boa tarde boa tarde!! "&IF(B11>1,"Seus números da rifa são os ","Seu número da rifa é o ")&D11&" referente ao Carro e Jetski no primeiro lugar .O Zelle para pagamento é o 9143629635. Estou fazendo a última chamada para recolher o valor e aguardamos "&"seu retorno até domingo, e caso nao consiga retornar, vamos disponibilizar os numeros na rifa. Obrigado 🙏 boa sorte 🍀 "&"Caso tenha pago esses numeros, por gentileza enviar o comprovante para atualizar a lista." -> Boa tarde boa tarde!! Seu número da rifa é o 58 referente ao Carro e Jetski no primeiro lugar .O Zelle para pagamento é o 9143629635. Estou fazendo a última chamada para recolher o valor e aguardamos seu retorno até domingo, e caso nao consiga retornar, vamos disponibilizar os numeros na rifa. Obrigado 🙏 boa sorte 🍀 Caso tenha pago esses numeros, por gentileza enviar o comprovante para atualizar a lista. | H11: =SUBSTITUTE( SUBSTITUTE( SUBSTITUTE( SUBSTITUTE( SUBSTITUTE( SUBSTITUTE(G11," ","%20"), CHAR(10),"%0A"), """","%22"), "&","%26"), ":","%3A"), "/","%2F") -> Boa%20tarde%20boa%20tarde!!%20Seu%20número%20da%20rifa%20é%20o%2058%20referente%20ao%20Carro%20e%20Jetski%20no%20primeiro%20lugar%20.O%20Zelle%20para%20pagamento%20é%20o%209143629635.%20Estou%20fazendo%20a%20última%20chamada%20para%20recolher%20o%20valor%20e%20aguardamos%20seu%20retorno%20até%20domingo,%20e%20caso%20nao%20consiga%20retornar,%20vamos%20disponibilizar%20os%20numeros%20na%20rifa.%20Obrigado%20🙏%20boa%20sorte%20🍀%20Caso%20tenha%20pago%20esses%20numeros,%20por%20gentileza%20enviar%20o%20comprovante%20para%20atualizar%20a%20lista. | I11: ="https://web.whatsapp.com/send/?phone="&IF(LEFT(A11,2)="55","","1")&A11&"&text="&H11 -> https://web.whatsapp.com/send/?phone=12032570853&text=Boa%20tarde%20boa%20tarde!!%20Seu%20número%20da%20rifa%20é%20o%2058%20referente%20ao%20Carro%20e%20Jetski%20no%20primeiro%20lugar%20.O%20Zelle%20para%20pagamento%20é%20o%209143629635.%20Estou%20fazendo%20a%20última%20chamada%20para%20recolher%20o%20valor%20e%20aguardamos%20seu%20retorno%20até%20domingo,%20e%20caso%20nao%20consiga%20retornar,%20vamos%20disponibilizar%20os%20numeros%20na%20rifa.%20Obrigado%20🙏%20boa%20sorte%20🍀%20Caso%20tenha%20pago%20esses%20numeros,%20por%20gentileza%20enviar%20o%20comprovante%20para%20atualizar%20a%20lista.
